mutation_id	sample_id	cluster_id	cellular_prevalence	cellular_prevalence_std	variant_allele_frequency
chr10:34530845	PyCloneInput	0	0.6926744154847111	0.0926801225521072	0.5
chr10:38529396	PyCloneInput	1	0.8461787573099168	0.033436040469700855	0.9047619047619048
chr10:38529462	PyCloneInput	1	0.8270163251503804	0.04023317047593652	0.8481012658227848
chr10:38577434	PyCloneInput	0	0.6920975861752908	0.09364120457562176	0.5
chr10:4094393	PyCloneInput	0	0.6915994247824833	0.09331432060676775	0.5
chr10:41854201	PyCloneInput	0	0.6787994729017778	0.06260925528962291	0.6857142857142857
chr10:41858185	PyCloneInput	0	0.6978952764982882	0.09784917597714765	0.5
chr10:41878765	PyCloneInput	0	0.6695484969013858	0.07889758665157043	0.7333333333333333
chr10:41894238	PyCloneInput	0	0.7184193934908949	0.07691149238059664	0.75
chr10:41908334	PyCloneInput	0	0.6675898354856405	0.08612516991486416	0.5714285714285714
chr10:41913307	PyCloneInput	6	0.6886209738079087	0.10609742260450336	0.5263157894736842
chr10:42075303	PyCloneInput	6	0.622944341174595	0.08974415962714936	0.5412371134020618
chr10:42080372	PyCloneInput	1	0.8227981465805942	0.043240633747990996	0.8421052631578947
chr10:42083360	PyCloneInput	0	0.6473111300466923	0.07972439035993789	0.5686274509803921
chr10:42097660	PyCloneInput	0	0.6925997647406678	0.09415591954260871	0.4444444444444444
chr11:112402274	PyCloneInput	0	0.6939535459725652	0.09292568455812365	0.5
chr11:17711195	PyCloneInput	0	0.6971211970866353	0.095494186132002	0.45454545454545453
chr11:2748037	PyCloneInput	0	0.6911142518183749	0.08748921173537133	0.6
chr12:125006064	PyCloneInput	0	0.6942013287868335	0.09069673993179869	0.5714285714285714
chr12:1795560	PyCloneInput	0	0.6941288816345006	0.09058433012691756	0.5714285714285714
chr12:77116590	PyCloneInput	0	0.6938167048532956	0.09389312424167653	0.5
chr12:8754178	PyCloneInput	0	0.6919792237213206	0.09349004816431117	0.5
chr12:94285110	PyCloneInput	0	0.6936387743695134	0.091915594437791	0.5
chr13:18211750	PyCloneInput	7	0.06968416172025632	0.04050624295990113	0.0425531914893617
chr13:51147236	PyCloneInput	0	0.6934485694941025	0.09353205042613329	0.5
chr14:46788096	PyCloneInput	0	0.6939883023084018	0.09361236543875126	0.5
chr14:98769059	PyCloneInput	0	0.6935602150423158	0.09379861336850828	0.5
chr15:18911333	PyCloneInput	6	0.6803925287570372	0.09995919025558722	0.65
chr15:70279391	PyCloneInput	0	0.6941469120669819	0.09165134265472122	0.5555555555555556
chr16:34120351	PyCloneInput	0	0.6943831736569299	0.09289024036446457	0.5
chr16:34573480	PyCloneInput	0	0.6185420767054358	0.08471051326656048	0.21666666666666667
chr16:34575622	PyCloneInput	1	0.7786183437457963	0.05598484103090785	0.788135593220339
chr16:34705281	PyCloneInput	0	0.6922207697218652	0.09504525735731296	0.375
chr16:34899405	PyCloneInput	0	0.6866731822726118	0.08789612606691632	0.5833333333333334
chr16:34899432	PyCloneInput	0	0.6903023140543171	0.09153922762074108	0.5454545454545454
chr16:34951670	PyCloneInput	0	0.7069141433068304	0.08593913634059626	0.7272727272727273
chr16:34953876	PyCloneInput	0	0.695359146663515	0.08779336040562565	0.625
chr16:46390625	PyCloneInput	0	0.7027827325396019	0.03843850138548326	0.8329419657832942
chr16:46396768	PyCloneInput	7	0.06300742434198646	0.03992957128955019	0.044642857142857144
chr16:46396830	PyCloneInput	0	0.6488071968346679	0.08977224294211841	0.2564102564102564
chr16:46397308	PyCloneInput	0	0.6598738583437498	0.05768600439001273	0.782608695652174
chr16:46465434	PyCloneInput	0	0.6899501097427515	0.08551643506079414	0.6363636363636364
chr16:6160707	PyCloneInput	0	0.6924402791843586	0.09097773768522004	0.5555555555555556
chr16:87549100	PyCloneInput	0	0.6953705453421455	0.09374042538582358	0.5
chr17:21662648	PyCloneInput	0	0.6841760857172858	0.098017239569837	0.3
chr17:21666390	PyCloneInput	0	0.6893648166997082	0.09499662385923621	0.3333333333333333
chr17:21676522	PyCloneInput	0	0.6936100851422855	0.09481403036655131	0.5
chr17:21687292	PyCloneInput	0	0.6935247090073732	0.09092205436671398	0.5555555555555556
chr17:21765907	PyCloneInput	0	0.6909732382639517	0.09439054177808667	0.42857142857142855
chr17:21857163	PyCloneInput	0	0.6718669367231885	0.07929529129927222	0.7333333333333333
chr17:21917830	PyCloneInput	0	0.6954862526735694	0.09493888142607043	0.6666666666666666
chr17:22136560	PyCloneInput	0	0.6925204465744403	0.09690174625787445	0.42857142857142855
chr17:76900985	PyCloneInput	0	0.6922394324554628	0.09223155386729603	0.5
chr18:26600335	PyCloneInput	0	0.6918414814784379	0.09485771321454418	0.42857142857142855
chr18:48141145	PyCloneInput	0	0.6937612898076433	0.08948864296105291	0.5714285714285714
chr18:74427811	PyCloneInput	8	0.7071732854820518	0.09826405993172234	0.5714285714285714
chr19:27349917	PyCloneInput	0	0.6925314973770724	0.09312703130262533	0.5
chr19:27368429	PyCloneInput	0	0.6941237028219154	0.09492273148379295	0.4444444444444444
chr19:27383248	PyCloneInput	0	0.6952071840850684	0.09379466799370986	0.5
chr19:27393491	PyCloneInput	0	0.7072728233463644	0.08591369115823468	0.7272727272727273
chr19:8898804	PyCloneInput	0	0.6893420063901678	0.08769486904462653	0.6
chr1:120182351	PyCloneInput	0	0.6937332485246408	0.09480745873434591	0.4444444444444444
chr1:124794117	PyCloneInput	0	0.6917385586261434	0.09561121845908975	0.42857142857142855
chr1:125070827	PyCloneInput	0	0.6944419560667547	0.09564139852492672	0.4444444444444444
chr1:125082308	PyCloneInput	0	0.690600715834496	0.09558442436350971	0.3333333333333333
chr1:125159756	PyCloneInput	0	0.6933506570816661	0.09281546273927568	0.5
chr1:125176496	PyCloneInput	0	0.6937551029958302	0.09617830537435107	0.4444444444444444
chr1:143217476	PyCloneInput	1	0.8421426947850655	0.02651803229614373	0.8550420168067226
chr1:143218111	PyCloneInput	1	0.8031992734459948	0.04529047450195649	0.8034682080924855
chr1:143222255	PyCloneInput	0	0.6587823699798678	0.043016216555916593	0.66
chr1:143234478	PyCloneInput	0	0.6885569537342131	0.09774248317393876	0.3333333333333333
chr1:143235697	PyCloneInput	1	0.7579759108842069	0.07350446202747307	0.7894736842105263
chr1:143540671	PyCloneInput	0	0.707548688854988	0.08481879947121368	0.7272727272727273
chr1:164703397	PyCloneInput	0	0.6938315449441499	0.09070402045262416	0.5714285714285714
chr1:16607258	PyCloneInput	0	0.6920754862316311	0.0972308879423	0.36363636363636365
chr1:16617217	PyCloneInput	0	0.6981769927548289	0.09608544871628119	0.4166666666666667
chr1:16636349	PyCloneInput	0	0.6949941840533393	0.08969146580600719	0.5714285714285714
chr1:169249102	PyCloneInput	0	0.7049368940614902	0.09701431181096547	0.5
chr1:177839387	PyCloneInput	0	0.6894889352546956	0.09655721793368993	0.375
chr1:188524274	PyCloneInput	0	0.6941583839004569	0.09362487225318668	0.5
chr1:1938054	PyCloneInput	0	0.694831643015173	0.09324543835102511	0.5
chr1:212468014	PyCloneInput	0	0.692407189750075	0.09344179946160022	0.5
chr1:22578204	PyCloneInput	0	0.6935802014787441	0.09434309663747187	0.4444444444444444
chr1:235737793	PyCloneInput	0	0.6943403168761103	0.09436404315847695	0.4444444444444444
chr1:244008751	PyCloneInput	0	0.6951457526527269	0.09701841576442889	0.4444444444444444
chr1:245751588	PyCloneInput	0	0.6947902813095322	0.09577346109470476	0.4444444444444444
chr1:27362354	PyCloneInput	0	0.6947252579016938	0.0925691431131717	0.5
chr1:30338985	PyCloneInput	0	0.6959938775896481	0.08828022272134976	0.625
chr1:4144573	PyCloneInput	0	0.6851814312897628	0.07632838123426403	0.8095238095238095
chr20:23781888	PyCloneInput	0	0.6881935343475143	0.09865402502752237	0.3333333333333333
chr20:26079573	PyCloneInput	0	0.7018316250070693	0.09621139219107605	0.625
chr20:28782117	PyCloneInput	0	0.6946213787256276	0.08771264209908874	0.625
chr20:28889793	PyCloneInput	0	0.6906141139704775	0.09486509450632999	0.5294117647058824
chr20:29054122	PyCloneInput	0	0.6924817578114298	0.09330266675911994	0.5
chr20:29057671	PyCloneInput	0	0.6938529533366862	0.09562492747553383	0.4
chr20:29086841	PyCloneInput	0	0.6947662675771239	0.0924210850778457	0.5
chr20:29327026	PyCloneInput	0	0.6874999517961345	0.08812934867073054	0.5833333333333334
chr20:29408196	PyCloneInput	0	0.6893917978742765	0.09893236980626557	0.3333333333333333
chr20:29695531	PyCloneInput	0	0.6938252534721163	0.09509104250174087	0.42857142857142855
chr20:30813398	PyCloneInput	2	0.7320915390555348	0.08479023956082023	0.7857142857142857
chr20:30813672	PyCloneInput	0	0.7063866381082925	0.08527695355490128	0.7272727272727273
chr20:30816275	PyCloneInput	0	0.6915207764257967	0.08457537304392095	0.6363636363636364
chr20:30871778	PyCloneInput	0	0.6901789263952242	0.09470445129033866	0.3333333333333333
chr20:31051879	PyCloneInput	0	0.7053387001592816	0.07414159431553247	0.7307692307692307
chr20:31052207	PyCloneInput	1	0.7526470774041836	0.09646781825661459	0.43548387096774194
chr20:31055330	PyCloneInput	17	0.3109296387780005	0.3022352204057598	0.0
chr20:31058170	PyCloneInput	0	0.6920046001018736	0.05587142192646995	0.7121212121212122
chr20:31059752	PyCloneInput	0	0.6964154126613799	0.08660974326419556	0.6666666666666666
chr20:31066243	PyCloneInput	2	0.7325976162355609	0.07452538665134004	0.7647058823529411
chr20:31071595	PyCloneInput	0	0.7143781749464825	0.08424610651205294	0.75
chr20:31074244	PyCloneInput	1	0.7575640449111122	0.07311170341449758	0.7894736842105263
chr20:32976006	PyCloneInput	0	0.6936143999659604	0.09284657789481181	0.5
chr20:45660977	PyCloneInput	0	0.6935772153663142	0.09121157280073897	0.5
chr20:50368325	PyCloneInput	0	0.6934052075103458	0.09315761409826497	0.5
chr20:51127680	PyCloneInput	0	0.6915107016692783	0.09508499627606472	0.42857142857142855
chr21:10272457	PyCloneInput	7	0.018970267506461393	0.017586249526432483	0.0
chr21:10397848	PyCloneInput	0	0.6875030908651407	0.08837962001547035	0.5833333333333334
chr21:10400728	PyCloneInput	0	0.6935481951587091	0.09041504526787537	0.5714285714285714
chr21:10414485	PyCloneInput	0	0.6903820569739341	0.08743377553456774	0.6
chr21:10419839	PyCloneInput	0	0.7012975636002484	0.0854674647951005	0.7
chr21:10450906	PyCloneInput	0	0.6914859281384592	0.09515045012342849	0.5333333333333333
chr21:10455009	PyCloneInput	0	0.670978413643685	0.09700854524958669	0.25
chr21:10459091	PyCloneInput	0	0.6699780797628963	0.10173017672593461	0.23076923076923078
chr21:10465439	PyCloneInput	0	0.6962806807711416	0.09454378799512271	0.5
chr21:10658065	PyCloneInput	0	0.68094607443819	0.09821072619520654	0.2727272727272727
chr21:10666738	PyCloneInput	0	0.6912014096349012	0.08717026406562613	0.6
chr21:10667230	PyCloneInput	0	0.7001457566628344	0.08114099558219487	0.7142857142857143
chr21:10673810	PyCloneInput	0	0.6913829369310313	0.07861394555907113	0.6875
chr21:10685476	PyCloneInput	0	0.7026075564916009	0.09634876496581246	0.3888888888888889
chr21:10702212	PyCloneInput	2	0.7307147018525757	0.08837936848112879	0.7
chr21:10703900	PyCloneInput	0	0.708075927794984	0.09426124668906226	0.5
chr21:10709347	PyCloneInput	0	0.6985639086642069	0.09062092219404433	0.34782608695652173
chr21:10709746	PyCloneInput	0	0.6802313480989399	0.087181066568143	0.2727272727272727
chr21:10712582	PyCloneInput	0	0.7084133352211798	0.09333669308249026	0.46153846153846156
chr21:10717159	PyCloneInput	1	0.7817203825636272	0.07155410888631927	0.76
chr21:10717251	PyCloneInput	0	0.7119226872999229	0.09572871378153287	0.5
chr21:10720265	PyCloneInput	0	0.707548353040952	0.09458937010673762	0.5217391304347826
chr21:10758891	PyCloneInput	2	0.731688301443388	0.08805999682806272	0.7
chr21:10799436	PyCloneInput	0	0.7103244590102271	0.09103015923756827	0.5454545454545454
chr21:45308096	PyCloneInput	0	0.6928919988267892	0.09371138335024289	0.5
chr21:5249817	PyCloneInput	0	0.693934537192763	0.094065735159349	0.5
chr21:5313408	PyCloneInput	0	0.691801696303305	0.09556070820477605	0.42857142857142855
chr21:7255241	PyCloneInput	0	0.6911113831733082	0.08806297219362301	0.6
chr21:7917855	PyCloneInput	0	0.683951286477614	0.06456857598233554	0.696969696969697
chr21:7917900	PyCloneInput	0	0.674865786743528	0.06372293169795677	0.6774193548387096
chr21:7918124	PyCloneInput	2	0.7284179343639658	0.07214777743840292	0.7567567567567568
chr21:7918873	PyCloneInput	0	0.7000113590522634	0.09686234662087294	0.4
chr21:7925595	PyCloneInput	2	0.7460151909188476	0.07799660250483417	0.7857142857142857
chr21:7928069	PyCloneInput	0	0.7008415484497635	0.08075941115439514	0.7142857142857143
chr21:7929901	PyCloneInput	0	0.6766336919455347	0.07377085350714442	0.65
chr21:7940062	PyCloneInput	0	0.6944928542521206	0.07856181590398258	0.7058823529411765
chr21:7943460	PyCloneInput	1	0.762898621990571	0.07944609913302135	0.8181818181818182
chr21:7946175	PyCloneInput	0	0.6997749260972322	0.09831376156544606	0.4666666666666667
chr21:7948596	PyCloneInput	0	0.7026022253599898	0.09494745172081168	0.38095238095238093
chr21:7951110	PyCloneInput	9	0.7159591621967176	0.10669566761021317	0.48484848484848486
chr21:7954001	PyCloneInput	0	0.6636674618127031	0.0684550422066292	0.6296296296296297
chr21:8234102	PyCloneInput	1	0.7596316986743419	0.052744041862069234	0.7708333333333334
chr21:9013356	PyCloneInput	0	0.7092717003127476	0.07882149049635125	0.7368421052631579
chr21:9246450	PyCloneInput	1	0.8154006146267837	0.050832174643913125	0.8461538461538461
chr21:9246475	PyCloneInput	1	0.818469500949836	0.05086990905741392	0.8541666666666666
chr21:9730632	PyCloneInput	0	0.6903940605060906	0.0877665210918917	0.6
chr22:10726746	PyCloneInput	16	0.7124108024435959	0.09478739117515221	0.47058823529411764
chr22:10729141	PyCloneInput	7	0.03931098531892589	0.04609379651144649	0.0
chr22:10734664	PyCloneInput	0	0.7037912448148511	0.09394136171872702	0.38461538461538464
chr22:10737434	PyCloneInput	0	0.7113313324951552	0.0920871123952729	0.5555555555555556
chr22:10740252	PyCloneInput	0	0.7046102429243825	0.09348391452566675	0.45454545454545453
chr22:11028377	PyCloneInput	0	0.7131353061552771	0.09126386449110181	0.4827586206896552
chr22:11035213	PyCloneInput	2	0.7269632413387223	0.08954492035148175	0.6
chr22:11041429	PyCloneInput	5	0.7196792340760758	0.09001468343945694	0.5555555555555556
chr22:11048743	PyCloneInput	13	0.7202015567818687	0.09144415215890717	0.5714285714285714
chr22:11305854	PyCloneInput	0	0.6967752768662469	0.0962225380236399	0.45454545454545453
chr22:11319019	PyCloneInput	0	0.6924485378387991	0.09072167225315322	0.5555555555555556
chr22:11571671	PyCloneInput	0	0.7068975633474133	0.09545133556386094	0.391304347826087
chr22:11584025	PyCloneInput	0	0.714364010454809	0.08463573918555073	0.75
chr22:12492134	PyCloneInput	0	0.6974663051658062	0.08613638413562767	0.6666666666666666
chr22:12704942	PyCloneInput	0	0.6927058429244185	0.09232779105869825	0.5
chr22:16527132	PyCloneInput	0	0.6973923405506125	0.099738556546613	0.375
chr22:18733978	PyCloneInput	0	0.6891491383265284	0.09879573615824871	0.3333333333333333
chr2:122734902	PyCloneInput	0	0.6925243875110002	0.09341798454341146	0.5
chr2:161280004	PyCloneInput	0	0.6927884365011487	0.09390526998627217	0.42857142857142855
chr2:212578181	PyCloneInput	0	0.6921354788742404	0.09388633976494284	0.5
chr2:31128978	PyCloneInput	0	0.6930075812649689	0.0930410551454972	0.5
chr2:5023162	PyCloneInput	0	0.689798543323207	0.07773551284389327	0.6875
chr2:91411328	PyCloneInput	0	0.6960638508163899	0.09388338603195441	0.5
chr2:91413598	PyCloneInput	0	0.6915204146803794	0.08287335836203434	0.6666666666666666
chr3:14247058	PyCloneInput	0	0.6938775687032709	0.09281340921039143	0.5
chr3:162495338	PyCloneInput	0	0.6927890695447773	0.09246403868880686	0.5
chr3:171390810	PyCloneInput	0	0.6920536627021174	0.08971737614318312	0.5555555555555556
chr3:172701804	PyCloneInput	0	0.6927168537077547	0.09391111953026547	0.5
chr3:90702339	PyCloneInput	0	0.6943171212901618	0.09315466084765957	0.5
chr4:110248074	PyCloneInput	0	0.6908454486194388	0.09267708749073697	0.5
chr4:117253391	PyCloneInput	0	0.6945127762219165	0.09433117312945355	0.5
chr4:161986833	PyCloneInput	0	0.6913999447969843	0.08829242957904133	0.6
chr4:167039676	PyCloneInput	3	0.6434175334413671	0.1786812978503662	0.0
chr4:190177917	PyCloneInput	0	0.6564582399680335	0.06812789579956433	0.7391304347826086
chr4:190179149	PyCloneInput	0	0.6892126490489631	0.10198819943743644	0.3
chr4:23444689	PyCloneInput	0	0.7034871530655651	0.09772695114745558	0.5
chr4:42732394	PyCloneInput	0	0.6913479897056772	0.09310979357724557	0.5
chr4:49092163	PyCloneInput	0	0.7047864471119305	0.0740427239942166	0.7307692307692307
chr4:49093016	PyCloneInput	1	0.7879158007229935	0.05628101082285559	0.7978723404255319
chr4:49102034	PyCloneInput	1	0.8235818017153881	0.048436724256648536	0.875
chr4:49109098	PyCloneInput	0	0.6749139255288024	0.08588179406978164	0.30303030303030304
chr4:49142833	PyCloneInput	0	0.6895842378144997	0.0954906729289743	0.42857142857142855
chr4:49153393	PyCloneInput	0	0.6843511022755604	0.08550889936980406	0.325
chr4:49154083	PyCloneInput	2	0.7395229720721359	0.07827782309765466	0.7777777777777778
chr4:49155851	PyCloneInput	0	0.7087052950407315	0.07932311206066818	0.7368421052631579
chr4:49156739	PyCloneInput	0	0.6833589095408936	0.08376410086861376	0.6153846153846154
chr4:49638105	PyCloneInput	0	0.6987555966522979	0.09525143459860043	0.3333333333333333
chr4:49652871	PyCloneInput	0	0.6904106533202403	0.0848380216108488	0.6363636363636364
chr4:49656286	PyCloneInput	2	0.7405597979756054	0.08192752672093805	0.7894736842105263
chr4:7565976	PyCloneInput	0	0.6912176360227136	0.09291087084860791	0.5
chr4:7565977	PyCloneInput	0	0.6923266119716315	0.0935227559137332	0.5
chr5:119980644	PyCloneInput	0	0.6928555336525725	0.09003927303983536	0.5714285714285714
chr5:142713882	PyCloneInput	0	0.6913483689516571	0.09258201978167406	0.5
chr5:38048732	PyCloneInput	0	0.6955047423831268	0.09039854805478029	0.5714285714285714
chr5:49600240	PyCloneInput	7	0.038235914877119026	0.028903454331111494	0.012048192771084338
chr5:49600379	PyCloneInput	1	0.8423485843350087	0.03059798185148255	0.875
chr5:49600461	PyCloneInput	1	0.8410926520951051	0.03059468375025991	0.8728813559322034
chr5:49657530	PyCloneInput	1	0.8401226411424506	0.03332843088311471	0.8846153846153846
chr5:49658871	PyCloneInput	0	0.5977753338797326	0.13040441424551133	0.16666666666666666
chr5:71971192	PyCloneInput	0	0.6945594503112852	0.08977025375986927	0.5714285714285714
chr5:99878639	PyCloneInput	0	0.6936556907082678	0.092624809393978	0.5
chr6:103486671	PyCloneInput	0	0.6950719856782569	0.09037092512628087	0.5714285714285714
chr6:154537231	PyCloneInput	0	0.6968387769261655	0.08655863597965342	0.6666666666666666
chr6:158630876	PyCloneInput	0	0.6920779793277616	0.09223478018440401	0.5
chr6:19238765	PyCloneInput	0	0.6922262630646411	0.09380218029823295	0.5
chr6:26283638	PyCloneInput	0	0.6935069722306233	0.09261651493176344	0.5
chr6:26740899	PyCloneInput	0	0.688243544242959	0.08796196129825336	0.5833333333333334
chr6:41964475	PyCloneInput	0	0.6911407942689756	0.09564727143045994	0.42857142857142855
chr6:44760390	PyCloneInput	0	0.7067697604955553	0.09731370122617132	0.4444444444444444
chr6:44776530	PyCloneInput	10	0.7098967524710978	0.09911336566570732	0.5555555555555556
chr6:45921623	PyCloneInput	0	0.6945296123492364	0.08753665423888482	0.625
chr6:69005629	PyCloneInput	0	0.6942618631326942	0.09347098350714309	0.5
chr7:100955598	PyCloneInput	0	0.6960702719093499	0.08862836964218287	0.625
chr7:100959344	PyCloneInput	0	0.6920028870192314	0.09221848625228433	0.5555555555555556
chr7:100959711	PyCloneInput	0	0.693583439781341	0.090752997255746	0.5714285714285714
chr7:140351263	PyCloneInput	0	0.6913189934905797	0.09333875248276845	0.5
chr7:157433691	PyCloneInput	0	0.6937766099517704	0.09340290628364369	0.5
chr7:158730535	PyCloneInput	0	0.6913303130194709	0.09664725678557189	0.375
chr7:48461644	PyCloneInput	0	0.6958454743630946	0.09089191548933881	0.5714285714285714
chr7:56354271	PyCloneInput	0	0.691989368992746	0.09428216393920126	0.5
chr7:60925656	PyCloneInput	0	0.6931858466278799	0.09338402786591143	0.5
chr7:62309320	PyCloneInput	0	0.6921169922032568	0.0832432465427786	0.6666666666666666
chr7:62337195	PyCloneInput	0	0.6948256005770598	0.0903281167946125	0.5714285714285714
chr7:62446398	PyCloneInput	0	0.6906152528222973	0.08585174731155179	0.6363636363636364
chr7:7065578	PyCloneInput	4	0.7030806272398109	0.10249446243046338	0.42857142857142855
chr8:12579797	PyCloneInput	0	0.6929852062741072	0.09630026138206317	0.4444444444444444
chr8:132061323	PyCloneInput	0	0.7016956346223745	0.08493546118557382	0.7
chr8:137908839	PyCloneInput	0	0.6949099395352578	0.09316049107132937	0.5
chr8:28610578	PyCloneInput	0	0.6910934460730276	0.09565778209181167	0.42857142857142855
chr8:40981570	PyCloneInput	18	0.708004181209567	0.09795697908877614	0.5
chr8:606160	PyCloneInput	0	0.6908604901908683	0.09084419590802703	0.5555555555555556
chr9:105443325	PyCloneInput	0	0.6924845404082071	0.09251059111185791	0.5
chr9:117549260	PyCloneInput	0	0.6939339207129197	0.09473037182650015	0.4444444444444444
chr9:130288860	PyCloneInput	0	0.6937394396012148	0.09407705695625238	0.5
chr9:18733629	PyCloneInput	0	0.6936167631157456	0.09404547608111209	0.5
chr9:40908424	PyCloneInput	0	0.7080778341831503	0.09663933244122534	0.4166666666666667
chr9:40944160	PyCloneInput	14	0.7168977118213011	0.10024031164394603	0.5454545454545454
chr9:41046461	PyCloneInput	11	0.7106016421436012	0.09763315499248987	0.5
chr9:4197948	PyCloneInput	0	0.6933721027169556	0.09295730391844599	0.5
chr9:62799677	PyCloneInput	0	0.6797053139724323	0.08014962645788065	0.625
chr9:62808022	PyCloneInput	0	0.7013465332528074	0.08173982194855546	0.7142857142857143
chr9:63788349	PyCloneInput	0	0.6951272752746251	0.09447012895445124	0.5
chr9:63817253	PyCloneInput	0	0.6938971094330187	0.09491806061870517	0.36363636363636365
chrY:10693536	PyCloneInput	0	0.6984007796722926	0.09633426174849155	0.4166666666666667
chrY:10693864	PyCloneInput	0	0.6835060195978313	0.09593823916352881	0.3076923076923077
chrY:11292250	PyCloneInput	12	0.7365531586187366	0.10051046755197789	0.45
chrY:11293446	PyCloneInput	0	0.6599054511282552	0.06599207723874516	0.625
chrY:11296833	PyCloneInput	0	0.6862697581114134	0.0956620399638595	0.3076923076923077
chrY:11305157	PyCloneInput	0	0.6860944332162716	0.08454025152836984	0.6153846153846154
chrY:11310407	PyCloneInput	0	0.6940330766969109	0.09550000931400891	0.35714285714285715
chrY:11312615	PyCloneInput	0	0.6250249673471141	0.06293846803598568	0.2684563758389262
chrY:11316744	PyCloneInput	0	0.6951703440854664	0.0887857174805962	0.625
chrY:11323293	PyCloneInput	0	0.6912389470824676	0.09238495314095868	0.5
chrY:11327634	PyCloneInput	1	0.8393574054773708	0.03603225385593365	0.896551724137931
chrY:11533188	PyCloneInput	1	0.8130172588503614	0.053867896413439455	0.8478260869565217
chrY:11536667	PyCloneInput	2	0.7543743413730445	0.0788472496608657	0.8
chrY:11537896	PyCloneInput	0	0.6989842041210169	0.07001455594036772	0.7241379310344828
chrY:11538991	PyCloneInput	0	0.6081489184887728	0.10908269206089335	0.18604651162790697
chrY:11539385	PyCloneInput	1	0.8531794144642345	0.03030044558458671	0.8963414634146342
chrY:11558968	PyCloneInput	1	0.776579666918241	0.07525434579173672	0.8333333333333334
chrY:11570348	PyCloneInput	6	0.6972234892161202	0.10683282297302092	0.5151515151515151
chrY:11574608	PyCloneInput	0	0.6884938542346831	0.09760213478805667	0.3333333333333333
chrY:26666713	PyCloneInput	0	0.6862164049889734	0.09183207044050631	0.3157894736842105
chrY:56685875	PyCloneInput	15	0.7234978517896918	0.11286997006911734	0.4888888888888889
chrY:56706665	PyCloneInput	0	0.6570071002400892	0.05552799949039369	0.6444444444444445
chrY:56826746	PyCloneInput	0	0.6457381589970057	0.06481346254344444	0.5957446808510638
chrY:56828329	PyCloneInput	0	0.6934201715601336	0.09628717015059671	0.4
chrY:56829630	PyCloneInput	1	0.819793256993882	0.03857136858660752	0.8220858895705522
chrY:56831318	PyCloneInput	0	0.6682376137215571	0.07685195736772202	0.6086956521739131
chrY:56831763	PyCloneInput	0	0.706991725431725	0.08365227354281805	0.36363636363636365
chrY:56834380	PyCloneInput	0	0.6997235758716482	0.049148411247366186	0.7192982456140351
chrY:56834419	PyCloneInput	1	0.8225718189034631	0.04430973191277335	0.8461538461538461
chrY:56835044	PyCloneInput	0	0.6456171364403626	0.06492897679452185	0.5957446808510638
chrY:56835135	PyCloneInput	1	0.7877004250605242	0.06930010669063365	0.8333333333333334
chrY:56837693	PyCloneInput	0	0.6853532133623167	0.08871141282393763	0.5714285714285714
chrY:56841090	PyCloneInput	0	0.6749443493008311	0.10054341182359765	0.25
chrY:56849334	PyCloneInput	0	0.6833532058396518	0.09408490427589657	0.5454545454545454
chrY:56860056	PyCloneInput	0	0.6908492629448079	0.08513631134033903	0.6363636363636364
chrY:56862007	PyCloneInput	0	0.6926028564438699	0.08882417171978357	0.6
