mutation_id	var_counts	ref_counts	minor_cn	major_cn	normal_cn	variant_freq	genotype
chr14:46166857	3	4	0	2	2	0.42857142857142855	AB
chr4:49638384	5	5	0	2	2	0.5	AB
chr9:114914553	3	4	0	2	2	0.42857142857142855	AB
chr21:10754165	7	4	0	2	3	0.6363636363636364	AB
chr8:139573411	5	4	0	2	2	0.5555555555555556	AB
chr22:10780412	9	5	0	2	3	0.6428571428571429	AB
chr20:31055001	4	3	0	2	2	0.5714285714285714	AB
chr20:31068831	118	26	0	2	2	0.8194444444444444	AB
chr20:11984771	4	4	0	2	1	0.5	AB
chr2:91420965	16	7	0	2	2	0.6956521739130435	AB
chr9:136376654	4	4	0	2	2	0.5	AB
chr21:10709990	10	7	0	2	3	0.5882352941176471	AB
chr21:7917796	21	5	0	2	2	0.8076923076923077	AB
chr3:197357566	4	4	0	2	2	0.5	AB
chr21:10679091	5	12	0	2	2	0.29411764705882354	AB
chr21:10349713	6	3	0	2	2	0.6666666666666666	AB
chr16:34744694	13	7	0	2	2	0.65	AB
chr21:7924814	18	6	0	2	2	0.75	AB
chrY:11531377	1	84	1	1	2	0.011764705882352941	BB
chr1:143190748	112	68	0	2	2	0.6222222222222222	AB
chr21:10270316	163	37	0	2	2	0.815	AB
chr6:165839916	6	5	0	2	2	0.5454545454545454	AB
chr1:55336228	4	4	0	2	2	0.5	AB
chr13:111790786	4	4	0	2	2	0.5	AB
chr5:114148870	4	7	0	2	2	0.36363636363636365	AB
chr21:8992411	6	4	0	2	2	0.6	AB
chr10:42074412	109	23	0	2	2	0.8257575757575758	AB
chr22:11047277	15	8	0	2	4	0.6521739130434783	AB
chr5:36600531	6	4	0	2	2	0.6	AB
chr5:147898416	3	4	0	2	1	0.42857142857142855	AB
chr9:40928058	5	5	0	2	1	0.5	AB
chr1:125075894	5	3	0	2	2	0.625	AB
chr8:54222863	3	4	0	2	2	0.42857142857142855	AB
chr10:13655157	3	3	0	2	2	0.5	AB
chr21:10769605	5	8	0	2	3	0.38461538461538464	AB
chr13:63065854	3	5	0	2	2	0.375	AB
chr2:97068075	5	3	0	2	2	0.625	AB
chr16:46398714	192	1599	0	2	1	0.10720268006700168	AB
chr9:63817304	8	5	0	2	2	0.6153846153846154	AB
chr21:5226458	6	4	0	2	2	0.6	AB
chr2:238747673	3	5	0	2	2	0.375	AB
chr21:31996098	4	6	0	2	2	0.4	AB
chr1:143193644	131	25	0	2	2	0.8397435897435898	AB
chr2:91411354	4	5	0	2	2	0.4444444444444444	AB
chrY:11107763	4	7	0	2	4	0.36363636363636365	AB
chr20:31075693	59	23	0	2	2	0.7195121951219512	AB
chr16:6887077	3	3	0	2	2	0.5	AB
chrY:56827849	5	15	0	2	2	0.25	AB
chr1:125084233	9	7	0	2	2	0.5625	AB
chr7:153935366	3	5	0	2	2	0.375	AB
chr21:10683593	12	5	0	2	2	0.7058823529411765	AB
chr21:7924499	18	9	0	2	2	0.6666666666666666	AB
chr2:73144347	4	4	0	2	2	0.5	AB
chr10:38529037	63	14	0	2	2	0.8181818181818182	AB
chr22:10925872	4	3	0	2	3	0.5714285714285714	AB
chr12:66471921	6	4	0	2	2	0.6	AB
chr18:109049	98	16	0	2	1	0.8596491228070176	AB
chr21:7933872	18	5	0	2	2	0.782608695652174	AB
chr21:5313283	9	5	0	2	2	0.6428571428571429	AB
chr5:34193795	10	6	0	2	2	0.625	AB
chr5:173576763	3	4	0	2	2	0.42857142857142855	AB
chrY:56862599	6	5	0	2	2	0.5454545454545454	AB
chr14:72808737	4	4	0	2	1	0.5	AB
chr16:34698851	9	3	0	2	2	0.75	AB
chr1:143238675	2	15	1	1	2	0.11764705882352941	BB
chr1:143265496	17	70	0	2	2	0.19540229885057472	AB
chr1:203558329	7	7	0	2	2	0.5	AB
chr10:38784913	4	4	0	2	2	0.5	AB
chr21:10653006	12	5	0	2	2	0.7058823529411765	AB
chr20:31062674	27	24	0	2	2	0.5294117647058824	AB
chr13:24112317	4	4	0	2	2	0.5	AB
chr20:29270581	4	4	0	2	2	0.5	AB
chr4:49154064	10	12	0	2	2	0.45454545454545453	AB
chr7:5001048	5	3	0	2	2	0.625	AB
chr8:133789956	3	4	0	2	1	0.42857142857142855	AB
chr17:26790140	5	5	0	2	2	0.5	AB
chr14:21940854	3	3	0	2	2	0.5	AB
chr6:169020638	4	4	0	2	2	0.5	AB
chr21:10718594	14	5	0	2	3	0.7368421052631579	AB
chr22:11580172	12	3	0	2	2	0.8	AB
chr9:42388389	9	4	0	2	2	0.6923076923076923	AB
chr22:10784153	10	4	0	2	3	0.7142857142857143	AB
chr6:44939347	3	4	0	2	2	0.42857142857142855	AB
chr22:26436842	4	3	0	2	2	0.5714285714285714	AB
chr15:100268795	3	3	0	2	2	0.5	AB
chr1:143222705	221	25	0	2	2	0.8983739837398373	AB
chr7:28113221	5	6	0	2	2	0.45454545454545453	AB
chr3:15722066	4	4	0	2	2	0.5	AB
chr2:89780564	10	9	0	2	2	0.5263157894736842	AB
chr21:10655030	6	16	0	2	2	0.2727272727272727	AB
chr22:10715254	7	7	0	2	3	0.5	AB
chr3:166124073	3	3	0	2	2	0.5	AB
chr13:103339304	3	5	0	2	2	0.375	AB
chr22:11571405	10	5	0	2	2	0.6666666666666666	AB
chr16:34593087	22	1099	1	1	2	0.019625334522747548	BB
chr2:91412789	8	3	0	2	2	0.7272727272727273	AB
chr19:48302367	3	4	0	2	2	0.42857142857142855	AB
chr21:10680739	10	8	0	2	2	0.5555555555555556	AB
chrY:11531603	2	109	1	1	2	0.018018018018018018	BB
chr21:7923244	6	21	0	2	2	0.2222222222222222	AB
chr20:29344350	12	3	0	2	2	0.8	AB
chr21:9847121	7	7	0	2	2	0.5	AB
chr11:49853015	4	5	0	2	2	0.4444444444444444	AB
chr10:38529232	14	79	0	2	2	0.15053763440860216	AB
chr1:125152323	8	4	0	2	2	0.6666666666666666	AB
chr22:12402459	5	5	0	2	2	0.5	AB
chr16:34583891	2	393	1	1	2	0.005063291139240506	BB
chr2:159988156	4	3	0	2	2	0.5714285714285714	AB
chr22:16451364	3	3	0	2	1	0.5	AB
chr8:132037563	4	4	0	2	2	0.5	AB
chr20:28821072	3	11	0	2	2	0.21428571428571427	AB
chr7:62440559	5	3	0	2	2	0.625	AB
chr22:16356701	6	3	0	2	1	0.6666666666666666	AB
chr20:28812357	6	4	0	2	2	0.6	AB
chr16:46396187	4	98	1	1	1	0.0392156862745098	BB
chr1:143273046	4	9	0	2	2	0.3076923076923077	AB
chr2:95933058	3	3	0	2	2	0.5	AB
chr4:49157552	21	4	0	2	2	0.84	AB
chr10:47379941	5	3	0	2	2	0.625	AB
chr21:10716628	14	8	0	2	3	0.6363636363636364	AB
chr4:49110045	115	21	0	2	2	0.8455882352941176	AB
chr7:55359023	4	4	0	2	2	0.5	AB
chr16:46398323	440	72	0	2	1	0.859375	AB
chr10:41901866	14	5	0	2	2	0.7368421052631579	AB
chr16:76220031	4	3	0	2	1	0.5714285714285714	AB
chr6:6249971	4	4	0	2	2	0.5	AB
chr20:30849101	5	8	0	2	2	0.38461538461538464	AB
chr1:58881338	4	7	0	2	128	0.36363636363636365	AB
chr15:46544737	3	3	0	2	2	0.5	AB
chr22:11066636	14	6	0	2	4	0.7	AB
chr21:5295171	3	4	0	2	2	0.42857142857142855	AB
chr1:5670312	5	8	0	2	2	0.38461538461538464	AB
chr17:11439697	5	4	0	2	2	0.5555555555555556	AB
chr10:42097451	8	3	0	2	2	0.7272727272727273	AB
chr20:31063823	9	7	0	2	2	0.5625	AB
chr9:40915697	5	5	0	2	1	0.5	AB
chr22:35601192	7	9	0	2	2	0.4375	AB
chr19:27355189	6	3	0	2	2	0.6666666666666666	AB
chr4:49104317	6	3	0	2	2	0.6666666666666666	AB
chr1:143228182	11	6	0	2	2	0.6470588235294118	AB
chr16:34573170	63	55	0	2	2	0.5338983050847458	AB
chr21:16160754	0	4	1	1	2	0.0	BB
chr19:24374990	5	6	0	2	1	0.45454545454545453	AB
chrY:56830837	37	35	0	2	2	0.5138888888888888	AB
chr21:9730632	6	4	0	2	2	0.6	AB
chr16:71249886	5	4	0	2	2	0.5555555555555556	AB
chr21:7259156	19	26	0	2	2	0.4222222222222222	AB
chr10:41890846	8	3	0	2	2	0.7272727272727273	AB
chr21:10693721	9	13	0	2	2	0.4090909090909091	AB
chr10:38515260	3	3	0	2	2	0.5	AB
chr9:40958562	6	5	0	2	1	0.5454545454545454	AB
chr18:108457	138	77	0	2	1	0.641860465116279	AB
chr8:70778944	4	3	0	2	2	0.5714285714285714	AB
chr21:10445821	6	3	0	2	2	0.6666666666666666	AB
chr1:16058004	4	4	0	2	2	0.5	AB
chr10:41878754	10	5	0	2	1	0.6666666666666666	AB
chr3:174337616	4	4	0	2	2	0.5	AB
chr3:64926108	4	5	0	2	2	0.4444444444444444	AB
chr10:41886571	27	12	0	2	1	0.6923076923076923	AB
chr21:10808960	3	6	0	2	3	0.3333333333333333	AB
chr18:51329398	3	3	0	2	2	0.5	AB
chr17:27009297	3	3	0	2	2	0.5	AB
chr14:31592177	5	4	0	2	2	0.5555555555555556	AB
chr20:28782007	3	6	0	2	2	0.3333333333333333	AB
chr21:10354314	8	4	0	2	2	0.6666666666666666	AB
chr10:38529577	38	12	0	2	2	0.76	AB
chr4:49656256	18	7	0	2	2	0.72	AB
chr21:7953559	21	6	0	2	2	0.7777777777777778	AB
chr1:11034982	4	4	0	2	4	0.5	AB
chr22:16260477	4	4	0	2	2	0.5	AB
chr22:11066726	3	7	0	2	4	0.3	AB
chr21:10459850	8	3	0	2	2	0.7272727272727273	AB
chr20:30878223	4	6	0	2	2	0.4	AB
chr1:19872444	4	4	0	2	2	0.5	AB
chr3:151981515	5	4	0	2	2	0.5555555555555556	AB
chr20:28821322	7	3	0	2	2	0.7	AB
chr4:32477379	5	3	0	2	1	0.625	AB
chr2:218029308	3	4	0	2	2	0.42857142857142855	AB
chr1:143239413	109	18	0	2	2	0.8582677165354331	AB
chr3:75688218	5	7	0	2	1	0.4166666666666667	AB
chr10:38824809	8	13	0	2	1	0.38095238095238093	AB
chr16:33743377	5	3	0	2	2	0.625	AB
chr2:91413511	3	6	0	2	2	0.3333333333333333	AB
chr17:26792426	3	5	0	2	2	0.375	AB
chr21:10678356	13	7	0	2	2	0.65	AB
chr9:112241706	3	3	0	2	2	0.5	AB
chr15:34048061	3	3	0	2	2	0.5	AB
chr16:34582912	4	471	1	1	2	0.008421052631578947	BB
chr21:5313404	3	4	0	2	2	0.42857142857142855	AB
chr2:219793086	4	5	0	2	2	0.4444444444444444	AB
chr10:42076842	57	27	0	2	2	0.6785714285714286	AB
chr5:61803549	3	3	0	2	2	0.5	AB
chr20:31061720	0	61	1	1	2	0.0	BB
chr16:46386841	534	54	0	2	1	0.9081632653061225	AB
chr1:143280657	3	3	0	2	2	0.5	AB
chr21:10751932	5	9	0	2	3	0.35714285714285715	AB
chr8:139566455	3	3	0	2	2	0.5	AB
chr15:19836270	5	4	0	2	2	0.5555555555555556	AB
chr12:123796455	3	3	0	2	2	0.5	AB
chr10:42083515	166	120	0	2	2	0.5804195804195804	AB
chr9:63821510	17	5	0	2	2	0.7727272727272727	AB
chrY:11551871	4	22	0	2	2	0.15384615384615385	AB
chr1:37039377	4	4	0	2	2	0.5	AB
chr7:62338463	6	3	0	2	2	0.6666666666666666	AB
chr20:31063722	15	64	0	2	2	0.189873417721519	AB
chrY:56831778	38	70	0	2	2	0.35185185185185186	AB
chr20:29737443	3	4	0	2	2	0.42857142857142855	AB
chr17:21660053	6	5	0	2	2	0.5454545454545454	AB
chr18:15408952	3	5	0	2	2	0.375	AB
chr15:18911333	13	7	0	2	1	0.65	AB
chr19:27391862	4	7	0	2	2	0.36363636363636365	AB
chr8:12538467	15	8	0	2	2	0.6521739130434783	AB
chr21:10430132	7	12	0	2	2	0.3684210526315789	AB
chr21:10784372	4	3	0	2	3	0.5714285714285714	AB
chr10:41913992	13	27	0	2	2	0.325	AB
chr10:124155129	4	4	0	2	2	0.5	AB
chr22:10724746	7	9	0	2	3	0.4375	AB
chr16:34572031	274	37	0	2	2	0.8810289389067524	AB
chr17:22128978	3	3	0	2	2	0.5	AB
chr2:88773040	4	4	0	2	2	0.5	AB
chr16:34571964	21	95	0	2	2	0.1810344827586207	AB
chr21:7260466	7	11	0	2	2	0.3888888888888889	AB
chr4:49657204	24	26	0	2	2	0.48	AB
chr11:54919017	4	3	0	2	2	0.5714285714285714	AB
chr22:11041429	5	4	0	2	4	0.5555555555555556	AB
chr3:71997469	3	3	0	2	2	0.5	AB
chr22:12602430	4	4	0	2	2	0.5	AB
chrY:56827871	13	14	0	2	2	0.48148148148148145	AB
chr20:30821262	3	3	0	2	2	0.5	AB
chr10:41853938	7	3	0	2	2	0.7	AB
chr6:165839869	8	5	0	2	2	0.6153846153846154	AB
chr21:10362541	13	7	0	2	2	0.65	AB
chr21:10703830	4	7	0	2	3	0.36363636363636365	AB
chr2:17808063	4	4	0	2	2	0.5	AB
chr1:46652517	4	3	0	2	2	0.5714285714285714	AB
chr5:49602073	8	10	0	2	2	0.4444444444444444	AB
chr9:15386290	4	3	0	2	2	0.5714285714285714	AB
chr21:7941081	20	4	0	2	2	0.8333333333333334	AB
chr9:12312177	3	4	0	2	2	0.42857142857142855	AB
chr4:110248065	4	3	0	2	2	0.5714285714285714	AB
chr2:30736396	5	5	0	2	2	0.5	AB
chr21:10326285	12	12	0	2	2	0.5	AB
chr9:68325486	7	7	0	2	2	0.5	AB
chrY:11548439	8	3	0	2	2	0.7272727272727273	AB
chr20:31073928	16	5	0	2	2	0.7619047619047619	AB
chr20:28807424	14	8	0	2	2	0.6363636363636364	AB
chr7:11552970	4	4	0	2	2	0.5	AB
chr20:31059286	0	3	1	1	2	0.0	BB
chrY:56853025	9	4	0	2	2	0.6923076923076923	AB
chrY:10661524	4	4	0	2	2	0.5	AB
chr10:41890578	12	15	0	2	2	0.4444444444444444	AB
chr13:18212268	13	38	0	2	2	0.2549019607843137	AB
chr21:7950853	8	11	0	2	2	0.42105263157894735	AB
chr17:3422292	3	3	0	2	2	0.5	AB
chr2:91409399	10	3	0	2	2	0.7692307692307693	AB
chr4:49157442	15	6	0	2	2	0.7142857142857143	AB
chr11:25729109	4	3	0	2	2	0.5714285714285714	AB
chr10:42083290	14	5	0	2	2	0.7368421052631579	AB
chr7:62451943	5	7	0	2	2	0.4166666666666667	AB
chr1:153000665	3	7	0	2	2	0.3	AB
chr15:19902887	5	3	0	2	2	0.625	AB
chr16:34952769	4	6	0	2	2	0.4	AB
chrY:56827487	9	30	0	2	2	0.23076923076923078	AB
chr1:7479937	4	4	0	2	2	0.5	AB
chr19:27374598	3	3	0	2	2	0.5	AB
chr6:159277086	5	5	0	2	2	0.5	AB
chrY:56831376	14	16	0	2	2	0.4666666666666667	AB
chr20:23821222	4	4	0	2	2	0.5	AB
chr2:89826246	8	6	0	2	2	0.5714285714285714	AB
chr2:166426359	4	4	0	2	2	0.5	AB
chr20:29065804	5	6	0	2	2	0.45454545454545453	AB
chr5:49656913	6	5	0	2	2	0.5454545454545454	AB
chr10:41087847	4	5	0	2	1	0.4444444444444444	AB
chr17:22141170	3	3	0	2	2	0.5	AB
chr21:5249817	4	4	0	2	2	0.5	AB
chr21:5313348	3	11	0	2	2	0.21428571428571427	AB
chr1:125073919	4	4	0	2	2	0.5	AB
chr21:9246462	48	8	0	2	2	0.8571428571428571	AB
chr7:89814926	3	3	0	2	2	0.5	AB
chr10:42318658	3	4	0	2	2	0.42857142857142855	AB
chr7:100957104	4	7	0	2	2	0.36363636363636365	AB
chr20:31073378	16	6	0	2	2	0.7272727272727273	AB
chr16:46393768	6	186	1	1	1	0.03125	BB
chr12:5991630	4	4	0	2	2	0.5	AB
chr12:30463582	4	3	0	2	2	0.5714285714285714	AB
chr12:5084706	4	4	0	2	2	0.5	AB
chr3:66006181	3	3	0	2	2	0.5	AB
chr2:141068346	3	3	0	2	2	0.5	AB
chr9:63828642	7	6	0	2	2	0.5384615384615384	AB
chr17:21765922	4	4	0	2	2	0.5	AB
chr3:168200597	5	5	0	2	2	0.5	AB
chrY:11565668	6	7	0	2	2	0.46153846153846156	AB
chr1:72945507	4	3	0	2	2	0.5714285714285714	AB
chr6:41544759	4	4	0	2	2	0.5	AB
chr1:143218802	44	12	0	2	2	0.7857142857142857	AB
chr9:40908079	5	4	0	2	1	0.5555555555555556	AB
chr15:73871690	4	4	0	2	2	0.5	AB
chr2:234537858	3	4	0	2	2	0.42857142857142855	AB
chrY:10663267	7	4	0	2	2	0.6363636363636364	AB
chr16:59318916	4	4	0	2	2	0.5	AB
