file	rd_mean_shift	deletion	1	180001.0	220000.0	40000.0	0.0004049320918710578	3.970128725772071e-07	0.0	3.970128725772071e-07	0.0	1.0	1.0	0.0
file	rd_mean_shift	deletion	1	260001.0	320000.0	60000.0	0.14241100326733722	8.189109985936232	1.907243237759054e-35	8.189109985936232	1.907243237759054e-35	0.9161841742486904	0.8333333333333334	0.0
file	rd_mean_shift	deletion	1	470001.0	530000.0	60000.0	0.11752454846525981	3.338000397830621	2.064495300127586e-60	3.338000397830621	2.064495300127586e-60	0.6757723577235772	0.8333333333333334	0.0
file	rd_mean_shift	deletion	1	1620001.0	1690000.0	70000.0	0.703857432938349	0.31923411479355723	1.552946071770501e-09	0.31923411479355723	1.552946071770501e-09	0.3722464955397779	0.0	944400.0
file	rd_mean_shift	deletion	1	2630001.0	2680000.0	50000.0	0.0840086748869086	7.421955152230064	0.0	7.421955152230064	0.0	0.3240252897787144	0.9156	0.0
file	rd_mean_shift	deletion	1	3850001.0	4000000.0	150000.0	0.02789056797717714	2.9749536167855695e-11	0.0	2.9749536167855695e-11	0.0	0.0361247947454844	0.9684533333333334	0.0
file	rd_mean_shift	deletion	1	13050001.0	13160000.0	110000.0	0.3224825687771008	0.15361964962191665	1.1818314646850525e-37	0.15361964962191665	1.1818314646850525e-37	0.7519369834710744	0.45454545454545453	0.0
file	rd_mean_shift	deletion	1	13220001.0	13440000.0	220000.0	0.38943589575002974	0.000804228031769938	3.5365620339875457	0.000804228031769938	3.5365620339875457	0.8580322787516033	0.4541454545454545	0.0
file	rd_mean_shift	deletion	1	13480001.0	13660000.0	180000.0	0.4140078672456455	0.0002449581040286919	8.16831156130602e-82	0.0002449581040286919	8.16831156130602e-82	0.9062154526470949	0.2777777777777778	0.0
file	rd_mean_shift	deletion	1	13700001.0	13780000.0	80000.0	0.555111437102482	0.001695990136005299	9.084248555061438e-43	0.001695990136005299	9.084248555061438e-43	0.7569183200206132	0.0	93000.0
file	rd_mean_shift	duplication	1	16830001.0	17120000.0	290000.0	2.3933995320272294	7.673095259175255e-06	8.05240319761299e-42	7.673095259175255e-06	8.05240319761299e-42	0.21270637422306657	0.0	5800.0
file	rd_mean_shift	deletion	1	17130001.0	17170000.0	40000.0	0.000289237208479327	5.404481362436542e-07	0.0	5.404481362436542e-07	0.0	1.0	1.0	0.0
file	rd_mean_shift	duplication	1	17190001.0	17270000.0	80000.0	1.9979801563825257	0.019842809202727518	0.0	0.019842809202727518	0.0	0.07674117127512571	0.0	14500.0
file	rd_mean_shift	deletion	1	24260001.0	24360000.0	100000.0	0.4818650491801514	1.0081841561593308e-06	1.5420991949189843e-105	1.0081841561593308e-06	1.5420991949189843e-105	0.8095691502023328	0.0	5518200.0
file	rd_mean_shift	deletion	1	29880001.0	30030000.0	150000.0	0.011637103496933856	0.0	0.0	0.0	0.0	0.04358974358974359	0.9872133333333334	0.0
file	rd_mean_shift	deletion	1	72750001.0	72810000.0	60000.0	0.6284433328418759	14.396761185185401	3.1435995428339144e-12	14.396761185185401	3.1435995428339144e-12	0.1348831348831349	0.0	31054100.0
file	rd_mean_shift	deletion	1	103790001.0	104000000.0	210000.0	0.44271246659568547	6.003983086890129e-06	1.0843262150591505e-48	6.003983086890129e-06	1.0843262150591505e-48	0.876990970883636	0.23809523809523808	0.0
file	rd_mean_shift	duplication	1	120530001.0	120700000.0	170000.0	1.8194237888210405	0.0038537648469041783	2.3046395008785975e-42	0.0038537648469041783	2.3046395008785975e-42	0.3023408330414434	0.01672941176470588	0.0
file	rd_mean_shift	deletion	1	120700001.0	120740000.0	40000.0	0.00011569488339173079	7.963844583791513e-08	0.0	7.963844583791513e-08	0.0	1.0	1.0	0.0
file	rd_mean_shift	deletion	1	120940001.0	121090000.0	150000.0	0.0174775250017036	0.0	0.0	0.0	0.0	0.5048034934497817	0.9779666666666667	0.0
file	rd_mean_shift	deletion	1	121590001.0	142530000.0	20940000.0	0.00018055915898957796	0.0	0.0	0.0	0.0	1.0	1.0	0.0
file	rd_mean_shift	duplication	1	142530001.0	142730000.0	200000.0	2.462172924671106	0.03363076034860357	2.1765348431134783e-195	0.03363076034860357	2.1765348431134783e-195	0.17281616260193117	0.02717	0.0
file	rd_mean_shift	deletion	1	142730001.0	142780000.0	50000.0	0.028750578358410595	0.08093382979777354	0.0	0.08093382979777354	0.0	0.48	0.97956	0.0
file	rd_mean_shift	duplication	1	142780001.0	142970000.0	190000.0	2.5232595584308606	0.02358466167477217	3.9926169048588595e-300	0.02358466167477217	3.9926169048588595e-300	0.5251635315064251	0.017163157894736842	0.0
file	rd_mean_shift	deletion	1	142970001.0	143120000.0	150000.0	0.01460437193862073	0.0	0.0	0.0	0.0	0.3968421052631579	0.9850733333333334	0.0
file	rd_mean_shift	duplication	1	143160001.0	143290000.0	130000.0	1.6331715966859806	0.00611581870089225	2.0164995853409413e-43	0.00611581870089225	2.0164995853409413e-43	0.2934978042694156	0.0	3000.0
file	rd_mean_shift	deletion	1	143290001.0	143340000.0	50000.0	0.05808865997126609	1.5384061857250386	0.0	1.5384061857250386	0.0	0.43194335169158143	0.94368	0.0
file	rd_mean_shift	duplication	1	143340001.0	143550000.0	210000.0	2.0147819516737338	9.137108916146275e-05	1232988634.4785688	9.137108916146275e-05	1232988634.4785688	0.3652032466892314	0.03948095238095238	0.0
file	rd_mean_shift	deletion	1	143550001.0	143730000.0	180000.0	0.29703601926431783	0.00040048942285264566	2850.128634270436	0.00040048942285264566	2850.128634270436	0.8729184549356224	0.5251388888888889	0.0
file	rd_mean_shift	deletion	1	143770001.0	143870000.0	100000.0	0.011938475589853443	1.944344685256283e-10	0.0	1.944344685256283e-10	0.0	0.15221579961464354	0.98998	0.0
file	rd_mean_shift	duplication	1	143910001.0	144080000.0	170000.0	1.7509699140352004	0.001467675742115952	3.583253182565855e-194	0.001467675742115952	3.583253182565855e-194	0.371854102874596	0.0	15900.0
file	rd_mean_shift	deletion	1	144100001.0	144140000.0	40000.0	0.0001735423250875962	6.990078516011522e-08	0.0	6.990078516011522e-08	0.0	1.0	1.0	0.0
file	rd_mean_shift	deletion	1	144220001.0	144320000.0	100000.0	0.3229392631855206	0.8470068017835698	2.6910294565567725e-18	0.8470068017835698	2.6910294565567725e-18	0.8964807719596991	0.5	0.0
file	rd_mean_shift	deletion	1	144340001.0	144500000.0	160000.0	0.33084955803265625	0.0001355058216322147	6.623288796022811e-84	0.0001355058216322147	6.623288796022811e-84	0.8185626390888859	0.3125	0.0
file	rd_mean_shift	deletion	1	144630001.0	144670000.0	40000.0	0.00011569488339173079	7.963844583791513e-08	0.0	7.963844583791513e-08	0.0	1.0	1.0	0.0
file	rd_mean_shift	deletion	1	144710001.0	144810000.0	100000.0	0.009227685883538535	1.9124701822192947e-11	0.0	1.9124701822192947e-11	0.0	0.5285359801488834	0.99276	0.0
file	rd_mean_shift	duplication	1	144810001.0	145390000.0	580000.0	2.380031263220984	0.0	8.780098716935858e-31	0.0	8.780098716935858e-31	0.23007543374822173	0.0012482758620689656	0.0
file	rd_mean_shift	deletion	1	145830001.0	145950000.0	120000.0	0.3562464118453764	0.06490378041351941	7.167562136636043e-94	0.06490378041351941	7.167562136636043e-94	0.928251846261657	0.4166666666666667	0.0
file	rd_mean_shift	deletion	1	146020001.0	146390000.0	370000.0	0.4578086039964889	1.2922095825806046e-10	1.069704647650374e-88	1.2922095825806046e-10	1.069704647650374e-88	0.9019775390625	0.2702702702702703	0.0
file	rd_mean_shift	deletion	1	147420001.0	147490000.0	70000.0	0.6091649254951146	0.06238383057107618	4.0991027306616705e-30	0.06238383057107618	4.0991027306616705e-30	0.8651140223192625	0.0	536200.0
file	rd_mean_shift	deletion	1	147520001.0	147710000.0	190000.0	0.694644109267645	7.528249470653998e-05	0.21810362715292925	7.528249470653998e-05	0.21810362715292925	0.9094469003445995	0.0	316200.0
file	rd_mean_shift	deletion	1	147830001.0	147910000.0	80000.0	0.6215315571877028	0.00847021936635911	6.903096084261207e-36	0.00847021936635911	6.903096084261207e-36	0.8405863912963304	0.0	116200.0
file	rd_mean_shift	deletion	1	147930001.0	147990000.0	60000.0	0.586807707811465	17.208461745005987	1.0873700300641783e-16	17.208461745005987	1.0873700300641783e-16	0.7255447380621233	0.0	36200.0
file	rd_mean_shift	deletion	1	148030001.0	148170000.0	140000.0	0.0002644454477525275	0.0	0.0	0.0	0.0	1.0	1.0	0.0
file	rd_mean_shift	duplication	1	148180001.0	148320000.0	140000.0	1.4305318879490518	0.001977598402593182	2.262579805720808e-23	0.001977598402593182	2.262579805720808e-23	0.7158083749625912	0.0	4100.0
file	rd_mean_shift	deletion	1	148360001.0	148510000.0	150000.0	0.009867957840350876	0.0	0.0	0.0	0.0	0.3194444444444444	0.9909466666666666	0.0
file	rd_mean_shift	deletion	1	148680001.0	148740000.0	60000.0	0.15525112962250476	11.385498577391385	3.4611298865374353e-28	11.385498577391385	3.4611298865374353e-28	0.48699643039265683	0.8333333333333334	0.0
file	rd_mean_shift	duplication	1	148850001.0	148950000.0	100000.0	3.075677646284067	0.0001579710060362061	0.0	0.0001579710060362061	0.0	0.24136354780210723	0.0	4600.0
file	rd_mean_shift	deletion	1	148960001.0	149000000.0	40000.0	0.00011569488339173079	7.963844583791513e-08	0.0	7.963844583791513e-08	0.0	1.0	1.0	0.0
file	rd_mean_shift	deletion	1	149460001.0	149580000.0	120000.0	0.2892051030701447	0.038420363994370876	1.1779126715950093e-15	0.038420363994370876	1.1779126715950093e-15	0.8059111319616648	0.41370833333333334	0.0
file	rd_mean_shift	deletion	1	152560001.0	152590000.0	30000.0	0.5217219639059648	189.20160777785676	3.9458488970127197e-23	189.20160777785676	3.9458488970127197e-23	0.058936768843476976	0.0	3050500.0
file	rd_mean_shift	deletion	1	169220001.0	169250000.0	30000.0	0.6857980137114734	503.4014276021686	0.00029782839268618206	503.4014276021686	0.00029782839268618206	0.16419753086419753	0.0	19710500.0
file	rd_mean_shift	deletion	1	196720001.0	196820000.0	100000.0	0.6329727053371424	0.07920186807864105	3.0997706942602863e-20	0.07920186807864105	3.0997706942602863e-20	0.21826915859791338	0.0	9102900.0
file	rd_mean_shift	deletion	1	204540001.0	204580000.0	40000.0	0.5896021864647001	200.3760348279638	1.3327489431634335e-05	200.3760348279638	1.3327489431634335e-05	0.11075550383086025	0.0	1342900.0
file	rd_mean_shift	deletion	1	205920001.0	206070000.0	150000.0	0.016500668428999252	0.0	0.0	0.0	0.0	0.03693444136657433	0.9819533333333333	0.0
file	rd_mean_shift	deletion	1	206330001.0	206480000.0	150000.0	0.015298364178598855	0.0	0.0	0.0	0.0	0.02991026919242273	0.9851933333333334	0.0
file	rd_mean_shift	deletion	1	207700001.0	207740000.0	40000.0	0.5765899196262101	23.61923522726043	8.273665077410392e-22	23.61923522726043	8.273665077410392e-22	0.8255060325057334	0.0	1217900.0
file	rd_mean_shift	deletion	1	223730001.0	223800000.0	70000.0	0.1488295501115593	0.3875436356136345	4.6633158495572665e-105	0.3875436356136345	4.6633158495572665e-105	0.618335500650195	0.7142857142857143	0.0
file	rd_mean_shift	deletion	1	235190001.0	235240000.0	50000.0	0.039925174232178715	0.3248105863944706	0.0	0.3248105863944706	0.0	0.016055045871559634	0.95578	0.0
file	rd_mean_shift	deletion	1	248910001.0	249060000.0	150000.0	0.012306255393268916	0.0	0.0	0.0	0.0	0.18341708542713567	0.9880666666666666	0.0
file	rd_mean_shift	deletion	2	3530001.0	3580000.0	50000.0	0.014300731232410518	0.004879016359087274	0.0	0.004879016359087274	0.0	0.035256410256410256	0.98624	0.0
file	rd_mean_shift	deletion	2	5020001.0	5120000.0	100000.0	0.013154574902409746	5.514289025398966e-10	0.0	5.514289025398966e-10	0.0	0.04173913043478261	0.98788	0.0
file	rd_mean_shift	deletion	2	16280001.0	16330000.0	50000.0	0.0006941693003503848	1.8232215737157276e-09	0.0	1.8232215737157276e-09	0.0	0.6666666666666666	0.99448	0.0
file	rd_mean_shift	deletion	2	21150001.0	21180000.0	30000.0	0.16356435009497416	348.7605469731478	0.0	348.7605469731478	0.0	0.02703962703962704	0.8333333333333334	0.0
file	rd_mean_shift	deletion	2	35980001.0	36000000.0	20000.0	0.15836694516742436	4912.140348758722	0.0	4912.140348758722	0.0	0.17470760233918128	0.0	2837500.0
file	rd_mean_shift	deletion	2	52750001.0	52790000.0	40000.0	0.6093839798462504	144.11099707770376	1.785891215440593e-14	144.11099707770376	1.785891215440593e-14	0.1268592265617503	0.0	19607500.0
file	rd_mean_shift	deletion	2	87630001.0	87740000.0	110000.0	0.3251901316546089	0.1827884504733035	3.4718482381533385e-40	0.1827884504733035	3.4718482381533385e-40	0.8667743739514074	0.45454545454545453	0.0
file	rd_mean_shift	deletion	2	89630001.0	89830000.0	200000.0	0.0010931670730241125	0.0	0.0	0.0	0.0	1.0	0.99782	0.0
file	rd_mean_shift	deletion	2	90320001.0	90370000.0	50000.0	0.01920190452447253	0.015969992019904122	0.0	0.015969992019904122	0.0	1.0	0.9695	0.0
file	rd_mean_shift	deletion	2	90540001.0	91590000.0	1050000.0	0.0025207382375130255	0.0	0.0	0.0	0.0	1.0	0.99514	0.0
file	rd_mean_shift	duplication	2	91590001.0	91920000.0	330000.0	2.824352887480018	1.8981759164482526e-06	2850901192.384982	1.8981759164482526e-06	2850901192.384982	0.3115734501347709	0.015463636363636363	0.0
file	rd_mean_shift	deletion	2	92330001.0	95330000.0	3000000.0	0.001358275919075306	0.0	0.0	0.0	0.0	0.1870748299319728	0.9987236666666667	0.0
file	rd_mean_shift	deletion	2	110110001.0	110250000.0	140000.0	6.611136193813188e-05	0.0	0.0	0.0	0.0	1.0	1.0	0.0
file	rd_mean_shift	deletion	2	110690001.0	110740000.0	50000.0	0.6741138734663167	13.491688267603802	2.301996907706297e-13	13.491688267603802	2.301996907706297e-13	0.9077184631077865	0.0	438800.0
file	rd_mean_shift	deletion	2	132770001.0	132800000.0	30000.0	0.5535807559809925	259.1334339551178	2.250495173627336e-21	259.1334339551178	2.250495173627336e-21	0.12938314011736082	0.0	16890700.0
file	rd_mean_shift	deletion	2	149690001.0	149790000.0	100000.0	0.006419885984816594	0.0	0.0	0.0	0.0	0.046263345195729534	0.99418	0.0
file	rd_mean_shift	duplication	2	190130001.0	190390000.0	260000.0	1.1322508302504786	0.0459103052278766	0.005007983872338086	0.0459103052278766	0.005007983872338086	0.05788830327660655	0.0	40339600.0
file	rd_mean_shift	deletion	2	234000001.0	234060000.0	60000.0	0.15240887932972164	6.902311563856784	6.973337285826579e-50	6.902311563856784	6.973337285826579e-50	0.055499748869914614	0.8333333333333334	0.0
file	rd_mean_shift	deletion	2	239800001.0	239830000.0	30000.0	0.06212416055416893	137.29547075048598	0.0	137.29547075048598	0.0	0.02937576499388005	0.9340666666666667	0.0
file	rd_mean_shift	deletion	2	240780001.0	240810000.0	30000.0	0.16912995826437247	828.6838407365663	0.0	828.6838407365663	0.0	0.0411522633744856	0.8333333333333334	0.0
file	rd_mean_shift	deletion	2	243100001.0	243150000.0	50000.0	0.04152104720785829	0.38014671630123953	0.0	0.38014671630123953	0.0	0.8053097345132744	0.95048	0.0
file	rd_mean_shift	deletion	3	1.0	60000.0	60000.0	7.712992226115385e-05	0.0	0.0	0.0	0.0	1.0	1.0	0.0
file	rd_mean_shift	deletion	3	41090001.0	41150000.0	60000.0	0.6769127324644091	28.980555415020678	1.5451772308507343e-06	28.980555415020678	1.5451772308507343e-06	0.06504569558840122	0.0	25020400.0
file	rd_mean_shift	deletion	3	66170001.0	66270000.0	100000.0	0.0034589989368288394	0.0	0.0	0.0	0.0	0.06622516556291391	0.9973	0.0
file	rd_mean_shift	deletion	3	75570001.0	75740000.0	170000.0	0.6332804250770463	5.36923509946947e-05	4.782326289233619e-08	5.36923509946947e-05	4.782326289233619e-08	0.5339553510565781	0.0	9299900.0
file	rd_mean_shift	deletion	3	75770001.0	75800000.0	30000.0	0.3250474409137389	25.234129205380974	0.0	25.234129205380974	0.0	0.7380952380952381	0.0	9499900.0
file	rd_mean_shift	deletion	3	89400001.0	89420000.0	20000.0	0.630383044435165	4289.992678686731	9.068821830515546e-05	4289.992678686731	9.068821830515546e-05	0.08467667222531036	0.0	1085000.0
file	rd_mean_shift	deletion	3	90510001.0	93500000.0	2990000.0	0.00017876600711364424	0.0	0.0	0.0	0.0	1.0	1.0	0.0
file	rd_mean_shift	deletion	3	129760001.0	129810000.0	50000.0	0.5734632912266661	1.3372170541941042	8.130217678741075e-35	1.3372170541941042	8.130217678741075e-35	0.10687754612988258	0.0	36255300.0
file	rd_mean_shift	deletion	3	162510001.0	162630000.0	120000.0	0.5465154022745276	9.94617305183354e-07	1.7207702199629714e-50	9.94617305183354e-07	1.7207702199629714e-50	0.08339119312991047	0.0	31412100.0
file	rd_mean_shift	deletion	3	197960001.0	198030000.0	70000.0	0.035305422071746605	0.0019780530605045016	0.0	0.0019780530605045016	0.0	0.8789625360230547	0.9652857142857143	0.0
file	rd_mean_shift	deletion	4	1430001.0	1470000.0	40000.0	0.000289237208479327	1.244930433741409e-06	0.0	1.244930433741409e-06	0.0	1.0	1.0	0.0
file	rd_mean_shift	deletion	4	4120001.0	4150000.0	30000.0	0.5290481576190808	362.8788274079171	2.1763595618086575e-17	362.8788274079171	2.1763595618086575e-17	0.11553328561202576	0.0	2641500.0
file	rd_mean_shift	deletion	4	9160001.0	9210000.0	50000.0	0.07038138755029458	0.10925255754633101	0.0	0.10925255754633101	0.0	0.8613091380427739	0.0	64800.0
file	rd_mean_shift	deletion	4	9280001.0	9320000.0	40000.0	0.0	1.531569870927285e-08	0.0	1.531569870927285e-08	0.0	-1.0	1.0	0.0
file	rd_mean_shift	deletion	4	9450001.0	9480000.0	30000.0	0.3076557197401341	1966.3690077260558	2.7679003920196765e-16	1966.3690077260558	2.7679003920196765e-16	0.14045082982412682	0.0	125500.0
file	rd_mean_shift	deletion	4	31820001.0	31840000.0	20000.0	0.1270135336701591	4633.565974842334	0.0	4633.565974842334	0.0	0.046363636363636364	0.825	0.0
file	rd_mean_shift	duplication	4	49090001.0	49340000.0	250000.0	2.261365258850812	0.0019118042129275814	1.6279791170620475e-102	0.0019118042129275814	1.6279791170620475e-102	0.3819517441506524	0.004236	0.0
file	rd_mean_shift	deletion	4	49340001.0	49490000.0	150000.0	0.008898338829713203	0.0	0.0	0.0	0.0	0.3573943661971831	0.99294	0.0
file	rd_mean_shift	deletion	4	49660001.0	52660000.0	3000000.0	0.00025620397725445627	0.0	0.0	0.0	0.0	0.7567567567567568	0.999961	0.0
file	rd_mean_shift	deletion	4	59740001.0	59790000.0	50000.0	0.016646977336643682	0.008915966914149198	0.0	0.008915966914149198	0.0	0.003194888178913738	0.98666	0.0
file	rd_mean_shift	deletion	4	64690001.0	64720000.0	30000.0	0.7432904601571468	112.51274187676371	0.006408107635637302	112.51274187676371	0.006408107635637302	0.1493317838466008	0.0	4900800.0
file	rd_mean_shift	deletion	4	70120001.0	70230000.0	110000.0	0.5942889808713155	0.035505617309949944	602020.4391348779	0.035505617309949944	602020.4391348779	0.13924647351053415	0.0	5197500.0
file	rd_mean_shift	deletion	4	75280001.0	75320000.0	40000.0	0.5795915074134392	39.458897424233506	3.96964198110074e-16	39.458897424233506	3.96964198110074e-16	0.8436312737452509	0.0	107500.0
file	rd_mean_shift	deletion	4	75420001.0	75490000.0	70000.0	0.3820039993583063	15.816443946296864	2.9452117064449524e-27	15.816443946296864	2.9452117064449524e-27	0.6539705353934603	0.3557142857142857	0.0
file	rd_mean_shift	deletion	4	107050001.0	107070000.0	20000.0	0.6629262255125608	2677.151054432044	0.0005828836123573944	2677.151054432044	0.0005828836123573944	0.035582173683283425	0.0	31597900.0
file	rd_mean_shift	deletion	4	120330001.0	120360000.0	30000.0	0.6060030912627122	430.71924039779014	1.0100883426041213e-09	430.71924039779014	1.0100883426041213e-09	0.5622084961553007	0.0	44877900.0
file	rd_mean_shift	deletion	4	173420001.0	173440000.0	20000.0	0.5949740929237216	6270.110230850908	3.559878167986712e-05	6270.110230850908	3.559878167986712e-05	0.051176470588235295	0.0	17604400.0
file	rd_mean_shift	deletion	4	190910001.0	190980000.0	70000.0	0.5222482997351958	0.4539182921090378	1.4956425080403905e-24	0.4539182921090378	1.4956425080403905e-24	0.6922980352771326	0.0	64400.0
file	rd_mean_shift	deletion	4	191050001.0	191160000.0	110000.0	0.00014724803340765736	0.0	0.0	0.0	0.0	1.0	1.0	0.0
file	rd_mean_shift	duplication	5	700001.0	780000.0	80000.0	1.4108404636236345	0.012011322102271904	6.20486375693684e-54	0.012011322102271904	6.20486375693684e-54	0.1593235247081401	0.0	690100.0
file	rd_mean_shift	deletion	5	45950001.0	45970000.0	20000.0	0.5156385557656303	368.4978450041387	5.485198580890993e-19	368.4978450041387	5.485198580890993e-19	0.0528835194894005	0.0	435800.0
file	rd_mean_shift	deletion	5	46410001.0	49400000.0	2990000.0	0.00019733909876181507	0.0	0.0	0.0	0.0	1.0	1.0	0.0
file	rd_mean_shift	deletion	5	57320001.0	57340000.0	20000.0	0.5695962910374462	8665.722773987103	0.0002818954738465033	8665.722773987103	0.0002818954738465033	0.1119556285949055	0.0	7914500.0
file	rd_mean_shift	deletion	5	69240001.0	69260000.0	20000.0	0.6900448620643351	2935.1473200982427	0.0409734286501042	2935.1473200982427	0.0409734286501042	0.9382357959392595	0.0	19834500.0
file	rd_mean_shift	duplication	5	88050001.0	88180000.0	130000.0	1.117454364451511	0.04792475667133162	11.695270401894758	0.04792475667133162	11.695270401894758	0.07823206205559147	0.0	3456300.0
file	rd_mean_shift	deletion	5	91630001.0	91690000.0	60000.0	0.18318733594332004	17.08240484116281	2.1773156762189183e-30	17.08240484116281	2.1773156762189183e-30	0.04074555700043346	0.8333333333333334	0.0
file	rd_mean_shift	deletion	5	138790001.0	138830000.0	40000.0	0.000578474416958654	2.9093213588238243e-06	0.0	2.9093213588238243e-06	0.0	1.0	1.0	0.0
file	rd_mean_shift	deletion	5	155140001.0	155180000.0	40000.0	0.000289237208479327	1.244930433741409e-06	0.0	1.244930433741409e-06	0.0	1.0	1.0	0.0
file	rd_mean_shift	duplication	5	175460001.0	175650000.0	190000.0	1.4478697128294022	1.4816275574845934e-07	1.5729039143684646e-98	1.4816275574845934e-07	1.5729039143684646e-98	0.17929297128319394	0.0	5255400.0
file	rd_mean_shift	deletion	5	177110001.0	177250000.0	140000.0	0.7157095083679333	0.02914758366067535	1.947039982736175e-05	0.02914758366067535	1.947039982736175e-05	0.5442323082199612	0.0	3655400.0
file	rd_mean_shift	deletion	5	177330001.0	177350000.0	20000.0	0.45208690750998226	2267.816970474756	2.2117379481343017e-22	2267.816970474756	2.2117379481343017e-22	0.5020387359836901	0.0	3555400.0
file	rd_mean_shift	deletion	6	1.0	60000.0	60000.0	0.00019282480565288465	0.0	0.0	0.0	0.0	1.0	1.0	0.0
file	rd_mean_shift	deletion	6	80001.0	190000.0	110000.0	0.5156141706267588	2.6261727592569173e-05	4.859947294134139e-68	2.6261727592569173e-05	4.859947294134139e-68	0.9422739334558073	0.0	20100.0
file	rd_mean_shift	duplication	6	300001.0	380000.0	80000.0	1.5320290210660772	0.0023538613277279685	4.3053757448835817e-72	0.0023538613277279685	4.3053757448835817e-72	0.08120558777999515	0.0	240100.0
file	rd_mean_shift	duplication	6	39330001.0	39540000.0	210000.0	1.1572453152543458	0.04156011235079772	2.988320737633881e-05	0.04156011235079772	2.988320737633881e-05	0.1016264393373135	0.0	18547800.0
file	rd_mean_shift	duplication	6	57390001.0	57490000.0	100000.0	1.4415048911570656	0.02239498803381479	1.8175685898533433e-07	0.02239498803381479	1.8175685898533433e-07	0.06286627597229622	0.0	597800.0
file	rd_mean_shift	deletion	6	58080001.0	58140000.0	60000.0	0.10057612505124348	0.5751344042658035	0.0	0.5751344042658035	0.0	0.5751421608448416	0.8333333333333334	0.0
file	rd_mean_shift	duplication	6	58780001.0	58860000.0	80000.0	0.025894331147463173	2.581694099751397e-05	0.0	2.581694099751397e-05	0.0	0.958980044345898	0.997925	0.0
file	rd_mean_shift	deletion	6	58860001.0	61880000.0	3020000.0	0.00018618448121980518	0.0	0.0	0.0	0.0	1.0	1.0	0.0
file	rd_mean_shift	deletion	6	62120001.0	62180000.0	60000.0	0.09817262493759077	1.1822403774255306	0.0	1.1822403774255306	0.0	0.5499398315282792	0.8333333333333334	0.0
file	rd_mean_shift	deletion	6	78880001.0	78900000.0	20000.0	0.5432355565968149	2543.2606607561092	3.751340638377391e-13	2543.2606607561092	3.751340638377391e-13	0.07869771453212591	0.0	16701600.0
file	rd_mean_shift	deletion	6	78970001.0	79040000.0	70000.0	0.5759794014872995	0.023195500027688762	4.113956820225231e-41	0.023195500027688762	4.113956820225231e-41	0.10471941770368631	0.0	16640700.0
file	rd_mean_shift	deletion	6	95680001.0	95870000.0	190000.0	0.21911834972717334	0.0014603718186576458	1702591010.5274858	0.0014603718186576458	1702591010.5274858	0.09520586576424139	0.7894736842105263	0.0
file	rd_mean_shift	deletion	6	157560001.0	157610000.0	50000.0	0.011144943007432632	0.0017776698425486792	0.0	0.0017776698425486792	0.0	0.045081967213114756	0.98934	0.0
file	rd_mean_shift	deletion	6	157650001.0	157690000.0	40000.0	0.000578474416958654	4.143685394808472e-07	0.0	4.143685394808472e-07	0.0	1.0	1.0	0.0
file	rd_mean_shift	duplication	6	163840001.0	164000000.0	160000.0	1.1192267611725129	0.035070137836518134	69.6075352281044	0.035070137836518134	69.6075352281044	0.0666850227484299	0.0	3942200.0
file	rd_mean_shift	deletion	6	167940001.0	168040000.0	100000.0	0.021939717488468475	5.851521267530302e-08	0.0	5.851521267530302e-08	0.0	0.027111574556830033	0.97927	0.0
file	rd_mean_shift	deletion	6	170280001.0	170330000.0	50000.0	0.0011739041431035827	1.4089167832409544e-07	0.0	1.4089167832409544e-07	0.0	0.88	0.99944	0.0
file	rd_mean_shift	deletion	6	170940001.0	170980000.0	40000.0	0.6072306496647377	212.7498963370506	6.294926120139594e-10	212.7498963370506	6.294926120139594e-10	0.7734717196724433	0.0	75200.0
file	rd_mean_shift	deletion	6	171040001.0	171120000.0	80000.0	0.14998724608068906	0.6371734194146425	1.653006667298126e-70	0.6371734194146425	1.653006667298126e-70	0.786124952088923	0.8116625	0.0
file	rd_mean_shift	deletion	7	230001.0	290000.0	60000.0	0.13726182727577302	5.141182963236202	9.336020118420165e-52	5.141182963236202	9.336020118420165e-52	0.09257759784075574	0.8333333333333334	0.0
file	rd_mean_shift	duplication	7	18870001.0	18940000.0	70000.0	1.1064895309412774	0.045412568521141505	452.78937012721707	0.045412568521141505	452.78937012721707	0.04567591276203152	0.0	18587700.0
file	rd_mean_shift	deletion	7	50370001.0	50410000.0	40000.0	0.013738019390494708	0.1297377265214672	0.0	0.1297377265214672	0.0	0.041666666666666664	0.984225	0.0
file	rd_mean_shift	deletion	7	57060001.0	57090000.0	30000.0	0.6568945463226595	165.03950610950267	8.711601570111155e-09	165.03950610950267	8.711601570111155e-09	0.43318181818181817	0.0	964500.0
file	rd_mean_shift	deletion	7	58050001.0	61050000.0	3000000.0	0.00184164277792814	0.0	0.0	0.0	0.0	0.1409987410826689	0.9985563333333334	0.0
file	rd_mean_shift	deletion	7	61310001.0	61440000.0	130000.0	0.3752809622482181	0.09337508755861487	2.0160920675973218e-28	0.09337508755861487	2.0160920675973218e-28	0.8712066905615292	0.38461538461538464	0.0
file	rd_mean_shift	deletion	7	61460001.0	61510000.0	50000.0	0.007470984249170602	0.0002930365989461947	0.0	0.0002930365989461947	0.0	0.31446540880503143	0.9907	0.0
file	rd_mean_shift	deletion	7	61590001.0	61730000.0	140000.0	0.45622955500357587	0.2166040388572702	6.009106125255661e-25	0.2166040388572702	6.009106125255661e-25	0.6919339519251845	0.35714285714285715	0.0
file	rd_mean_shift	deletion	7	61920001.0	61960000.0	40000.0	0.0003470846501751924	1.7146888908747826e-07	0.0	1.7146888908747826e-07	0.0	1.0	1.0	0.0
file	rd_mean_shift	deletion	7	62960001.0	62980000.0	20000.0	0.6955187673438762	617.4763090679102	0.0030894650557898528	617.4763090679102	0.0030894650557898528	0.3173395102581072	0.0	993000.0
file	rd_mean_shift	deletion	7	72530001.0	72590000.0	60000.0	0.7137706956701423	1.2046972549143498	6.296313655820367e-12	1.2046972549143498	6.296313655820367e-12	0.9396947379656313	0.0	2125900.0
file	rd_mean_shift	deletion	7	74410001.0	74480000.0	70000.0	0.5157263865392795	0.00019295214931539358	3.756952829690958e-75	0.00019295214931539358	3.756952829690958e-75	0.8394937346514703	0.0	235900.0
file	rd_mean_shift	deletion	7	74710001.0	74910000.0	200000.0	0.42205620037172353	1.960745392048935e-05	2.05407767584171e-80	1.960745392048935e-05	2.05407767584171e-80	0.9010692299384383	0.25	0.0
file	rd_mean_shift	deletion	7	100560001.0	100600000.0	40000.0	5.784744169586539e-05	9.95281357329958e-09	0.0	9.95281357329958e-09	0.0	1.0	1.0	0.0
file	rd_mean_shift	deletion	7	101290001.0	101330000.0	40000.0	0.48649714667814686	1.253433622049757	1.1892868650783004e-46	1.253433622049757	1.1892868650783004e-46	0.687984041304858	0.0	684100.0
file	rd_mean_shift	duplication	7	102120001.0	102330000.0	210000.0	1.582066547591594	6.200097797075849e-06	1.3165554455446058e-66	6.200097797075849e-06	1.3165554455446058e-66	0.7414359232343284	0.0	1514100.0
file	rd_mean_shift	deletion	7	130150001.0	130250000.0	100000.0	0.0411429461776692	2.0306413960335945e-05	0.0	2.0306413960335945e-05	0.0	0.04952698942682248	0.95477	0.0
file	rd_mean_shift	deletion	7	133780001.0	133800000.0	20000.0	0.6405590366102331	5121.028949303775	0.001758360641368112	5121.028949303775	0.001758360641368112	0.05023322569070685	0.0	3525600.0
file	rd_mean_shift	deletion	7	139380001.0	139400000.0	20000.0	0.0	3.7381134513290397	0.0	3.7381134513290397	0.0	-1.0	1.0	0.0
file	rd_mean_shift	deletion	7	142050001.0	142090000.0	40000.0	0.00046277953356692314	4.851379048487203e-07	0.0	4.851379048487203e-07	0.0	1.0	1.0	0.0
file	rd_mean_shift	deletion	7	142280001.0	142320000.0	40000.0	0.0001735423250875962	6.990078516011522e-08	0.0	6.990078516011522e-08	0.0	1.0	1.0	0.0
file	rd_mean_shift	deletion	7	142470001.0	142490000.0	20000.0	0.6576979075439563	2569.2876891340393	0.0002205464311681679	2569.2876891340393	0.0002205464311681679	0.04347070074769605	0.0	144000.0
file	rd_mean_shift	deletion	7	143230001.0	143420000.0	190000.0	0.4425120376747133	0.0006421716199852955	1.9542501395420803e-48	0.0006421716199852955	1.9542501395420803e-48	0.8261156116984759	0.2631578947368421	0.0
file	rd_mean_shift	deletion	7	143500001.0	143540000.0	40000.0	0.584149661070854	152.99088847169284	1.4196438488906588e-07	152.99088847169284	1.4196438488906588e-07	0.8179222058099458	0.0	102300.0
file	rd_mean_shift	duplication	7	143920001.0	144070000.0	150000.0	1.4308151605381847	0.0007900251699033412	3.829189406811865e-33	0.0007900251699033412	3.829189406811865e-33	0.6709318289072891	0.0	522300.0
file	rd_mean_shift	deletion	7	154270001.0	154370000.0	100000.0	0.0066175880953326955	0.0	0.0	0.0	0.0	0.07241379310344828	0.99366	0.0
file	rd_mean_shift	deletion	8	1.0	160000.0	160000.0	0.6845930173672596	0.2838895641497661	9.05949427311468e-05	0.2838895641497661	9.05949427311468e-05	0.8276131869990907	0.0625	0.0
file	rd_mean_shift	deletion	8	1180001.0	1200000.0	20000.0	0.7118863568722194	633.5568098732466	0.036889654379936285	633.5568098732466	0.036889654379936285	0.1758188824662813	0.0	1170100.0
file	rd_mean_shift	deletion	8	1340001.0	1360000.0	20000.0	0.42153226474144345	7056.105758102039	4.110104124166354e-16	7056.105758102039	4.110104124166354e-16	0.1895582329317269	0.0	1330100.0
file	rd_mean_shift	deletion	8	7020001.0	7200000.0	180000.0	0.7004490241858393	0.0005281628687237028	17373542.43961009	0.0005281628687237028	17373542.43961009	0.6551649148242117	0.0	274800.0
file	rd_mean_shift	duplication	8	7200001.0	7470000.0	270000.0	1.5015685983577012	0.0004893093246027824	5424663.169278976	0.0004893093246027824	5424663.169278976	0.5479693438984304	0.0	4800.0
file	rd_mean_shift	deletion	8	7470001.0	7590000.0	120000.0	0.404247514762802	0.5976467865745461	1.494166838650673e-25	0.5976467865745461	1.494166838650673e-25	0.8199990615175261	0.4166666666666667	0.0
file	rd_mean_shift	duplication	8	7630001.0	7800000.0	170000.0	1.3352552792573082	0.0009178781991411377	3.929114892073514e-17	0.0009178781991411377	3.929114892073514e-17	0.5967199838023891	0.0	105500.0
file	rd_mean_shift	deletion	8	7800001.0	7870000.0	70000.0	0.43775635219828374	0.7770671658098653	2.0472414489145845e-30	0.7770671658098653	2.0472414489145845e-30	0.868666365960006	0.0	275500.0
file	rd_mean_shift	deletion	8	8060001.0	8090000.0	30000.0	0.3619305213955954	2722.259600436009	2.697858789795694e-05	2722.259600436009	2.697858789795694e-05	0.5722409435551812	0.0	535500.0
file	rd_mean_shift	deletion	8	11890001.0	11980000.0	90000.0	0.5371087253471641	0.6479332588461117	6.354674973957838e-35	0.6479332588461117	6.354674973957838e-35	0.6226315789473684	0.0	112000.0
file	rd_mean_shift	deletion	8	12090001.0	12170000.0	80000.0	0.17544187532491134	0.13378636875421013	0.0	0.13378636875421013	0.0	0.6313447593935398	0.625	0.0
file	rd_mean_shift	duplication	8	12230001.0	12460000.0	230000.0	1.9881601782097118	0.03480128101619607	1.9475824347134094e-09	0.03480128101619607	1.9475824347134094e-09	0.3167711205815994	0.0	88300.0
file	rd_mean_shift	deletion	8	21620001.0	21660000.0	40000.0	0.563903267141162	47.48848582585225	1.947218956473174e-17	47.48848582585225	1.947218956473174e-17	0.7761942994781212	0.0	9478300.0
file	rd_mean_shift	deletion	8	39230001.0	39390000.0	160000.0	0.07237081871027175	0.0	0.0	0.0	0.0	0.4973284011508426	0.0	4449000.0
file	rd_mean_shift	deletion	8	43840001.0	46830000.0	2990000.0	0.00018573091648170829	0.0	0.0	0.0	0.0	1.0	1.0	0.0
file	rd_mean_shift	deletion	8	48180001.0	48210000.0	30000.0	0.5860847749307383	734.4788992195105	4.882969004772632e-08	734.4788992195105	4.882969004772632e-08	0.8985164763030065	0.0	44600.0
file	rd_mean_shift	deletion	8	86580001.0	86730000.0	150000.0	0.09348120966630807	0.000840246666637956	2870999995.818728	0.000840246666637956	2870999995.818728	0.9737137361756691	0.97634	0.0
file	rd_mean_shift	duplication	8	86730001.0	86840000.0	110000.0	5.099687561308327	0.0013983661083072363	0.0	0.0013983661083072363	0.0	0.9265083833068168	0.0	3700.0
file	rd_mean_shift	deletion	8	142750001.0	142820000.0	70000.0	0.16204047713989259	0.5622190545040349	2.230449514564107e-98	0.5622190545040349	2.230449514564107e-98	0.8802997436403076	0.7142857142857143	0.0
file	rd_mean_shift	deletion	8	145290001.0	145500000.0	210000.0	0.2998027686148652	2.7622277370171437e-06	6.029436663215211e-59	2.7622277370171437e-06	6.029436663215211e-59	0.9280608797695672	0.47619047619047616	0.0
file	rd_mean_shift	deletion	8	146300001.0	146370000.0	70000.0	0.045084873714591175	0.009042365759559523	0.0	0.009042365759559523	0.0	0.0457516339869281	0.9425428571428571	0.0
file	rd_mean_shift	deletion	9	38810001.0	38920000.0	110000.0	0.6626844040872029	0.0009620357319772843	6.442326695420805e-22	0.0009620357319772843	6.442326695420805e-22	0.6177455004736343	0.0	743800.0
file	rd_mean_shift	deletion	9	39190001.0	40030000.0	840000.0	0.4467246075644858	0.0	2.637222072962159e-285	0.0	2.637222072962159e-285	0.8588104331568233	0.11904761904761904	0.0
file	rd_mean_shift	deletion	9	40190001.0	40290000.0	100000.0	0.30214794695183367	0.3237004055275039	4.2059977622751025e-62	0.3237004055275039	4.2059977622751025e-62	0.8764764154537834	0.5	0.0
file	rd_mean_shift	deletion	9	40430001.0	41220000.0	790000.0	0.5317133394572897	0.0	2.0302702055821398e-08	0.0	2.0302702055821398e-08	0.5835382254418244	0.1846	0.0
file	rd_mean_shift	deletion	9	41280001.0	41840000.0	560000.0	0.4843415252793741	0.0	2.391940731103014e-196	0.0	2.391940731103014e-196	0.8754878702073927	0.08928571428571429	0.0
file	rd_mean_shift	deletion	9	41870001.0	41890000.0	20000.0	0.6455553073894096	159.05329105376111	3.1229815862797006e-07	159.05329105376111	3.1229815862797006e-07	0.9245755138516533	0.0	454400.0
file	rd_mean_shift	duplication	9	42420001.0	42610000.0	190000.0	1.2610586120388683	0.004213815008703495	64184986.57228649	0.004213815008703495	64184986.57228649	0.8109911984543627	0.0	4100.0
file	rd_mean_shift	deletion	9	42610001.0	42670000.0	60000.0	0.14794017564270306	4.59609469703105	4.1357332242737025e-74	4.59609469703105	4.1357332242737025e-74	0.9048863339430363	0.8333333333333334	0.0
file	rd_mean_shift	deletion	9	42800001.0	42840000.0	40000.0	0.5977926546452138	20.36030261665812	9.775191519545779e-23	20.36030261665812	9.775191519545779e-23	0.9623966147336026	0.0	136200.0
file	rd_mean_shift	duplication	9	42890001.0	43080000.0	190000.0	1.2789569525054953	0.04224816523120327	1916356744.0283659	0.04224816523120327	1916356744.0283659	0.8101117329179407	0.0	133800.0
file	rd_mean_shift	deletion	9	43170001.0	43390000.0	220000.0	0.27815740685074447	7.053682637980785e-08	1.958190352382235e-130	7.053682637980785e-08	1.958190352382235e-130	0.8088124054462935	0.45454545454545453	0.0
file	rd_mean_shift	deletion	9	43920001.0	44060000.0	140000.0	0.3481311152039732	0.002628542661467107	4.709051958360593e-85	0.002628542661467107	4.709051958360593e-85	0.8132024470052639	0.35714285714285715	0.0
file	rd_mean_shift	deletion	9	44240001.0	44280000.0	40000.0	0.5522648923726963	25.825556444339725	1.405133223709529e-22	25.825556444339725	1.405133223709529e-22	0.11044994258273307	0.0	243600.0
file	rd_mean_shift	deletion	9	44440001.0	44850000.0	410000.0	0.39440609461788073	0.0	2840843981.011666	0.0	2840843981.011666	0.5575258962445117	0.12195121951219512	0.0
file	rd_mean_shift	deletion	9	44910001.0	45350000.0	440000.0	0.46500434404224994	2.3109014701816477e-09	805874.6696445881	2.3109014701816477e-09	805874.6696445881	0.8372873367149976	0.3365681818181818	0.0
file	rd_mean_shift	deletion	9	45720001.0	45870000.0	150000.0	0.3814554802411502	0.005505125362896823	1.2181703853290362e-10	0.005505125362896823	1.2181703853290362e-10	0.7357809932261814	0.3333333333333333	0.0
file	rd_mean_shift	deletion	9	46220001.0	46320000.0	100000.0	0.36725122083028394	2.3284563890215786	3.850063536123391e-42	2.3284563890215786	3.850063536123391e-42	0.7698778664007976	0.4643	0.0
file	rd_mean_shift	deletion	9	46340001.0	46410000.0	70000.0	0.6159912432774788	14.930489253065307	2.1027395335175543e-07	14.930489253065307	2.1027395335175543e-07	0.7957017776598567	0.0	51200.0
file	rd_mean_shift	deletion	9	46460001.0	46560000.0	100000.0	0.016046836496192554	3.3276981170615727e-09	0.0	3.3276981170615727e-09	0.0	0.897003745318352	0.98961	0.0
file	rd_mean_shift	deletion	9	46960001.0	47160000.0	200000.0	0.3441576133041226	0.0006317853693704745	2.992350956140162e-14	0.0006317853693704745	2.992350956140162e-14	0.8076935976121005	0.499335	0.0
file	rd_mean_shift	deletion	9	47270001.0	65590000.0	18320000.0	0.005485628747762898	0.0	0.0	0.0	0.0	0.8587031660445181	0.9907205240174672	0.0
file	rd_mean_shift	deletion	9	65640001.0	65970000.0	330000.0	0.5663533951584779	8.331647372017414e-07	2.4120089013475633e-32	8.331647372017414e-07	2.4120089013475633e-32	0.8997100734069459	0.15151515151515152	0.0
file	rd_mean_shift	deletion	9	66080001.0	66240000.0	160000.0	0.3563390485585332	0.0001976636306008639	1.7669582967248226e-93	0.0001976636306008639	1.7669582967248226e-93	0.8746222956367592	0.29865625	0.0
file	rd_mean_shift	deletion	9	66340001.0	66450000.0	110000.0	0.3105373365707075	0.05974192433855219	9.546368282713092e-57	0.05974192433855219	9.546368282713092e-57	0.8048633035534359	0.4122181818181818	0.0
file	rd_mean_shift	deletion	9	66590001.0	66670000.0	80000.0	0.2194048189469155	0.9838795495670238	6.394379376399784e-56	0.9838795495670238	6.394379376399784e-56	0.61850409560897	0.625	0.0
file	rd_mean_shift	deletion	9	66860001.0	66910000.0	50000.0	0.13422459606521425	56.18881883478175	1.2614026845373583e-26	56.18881883478175	1.2614026845373583e-26	0.053998632946001365	0.93314	0.0
file	rd_mean_shift	deletion	9	67110001.0	67210000.0	100000.0	0.017800208549830276	8.220434333239267e-09	0.0	8.220434333239267e-09	0.0	0.5978112175102599	0.97834	0.0
file	rd_mean_shift	deletion	9	67370001.0	67620000.0	250000.0	0.23797050265653344	6.033205934841135e-09	4.8213535432635847e-63	6.033205934841135e-09	4.8213535432635847e-63	0.9195642095503014	0.585184	0.0
file	rd_mean_shift	deletion	9	67710001.0	67740000.0	30000.0	0.5689314968178097	392.93034753377293	3.594226149650893e-15	392.93034753377293	3.594226149650893e-15	0.8775208389351976	0.0	193900.0
file	rd_mean_shift	deletion	9	67990001.0	68140000.0	150000.0	0.012055916691848707	0.0	0.0	0.0	0.0	0.4128787878787879	0.9866533333333334	0.0
file	rd_mean_shift	deletion	9	68510001.0	68660000.0	150000.0	0.028970186951754514	5.099920485918119e-11	0.0	5.099920485918119e-11	0.0	0.05637513171759747	0.9721266666666667	0.0
file	rd_mean_shift	deletion	9	68840001.0	68990000.0	150000.0	0.012176218367143268	0.0	0.0	0.0	0.0	0.04337050805452292	0.9929733333333334	0.0
file	rd_mean_shift	deletion	9	69280001.0	69320000.0	40000.0	0.0	1.531569870927285e-08	0.0	1.531569870927285e-08	0.0	-1.0	1.0	0.0
file	rd_mean_shift	deletion	9	69570001.0	69650000.0	80000.0	0.7362624352809558	0.5651404265196169	1.7822347045995516e-10	0.5651404265196169	1.7822347045995516e-10	0.8431419267730919	0.0	241800.0
file	rd_mean_shift	deletion	9	69670001.0	69710000.0	40000.0	0.5524104575980593	45.95243616484857	2.1570919191965234e-22	45.95243616484857	2.1570919191965234e-22	0.8475468519688355	0.0	300700.0
file	rd_mean_shift	deletion	9	70010001.0	70100000.0	90000.0	0.26074614108443117	0.8819017840399179	4.183395916849379e-59	0.8819017840399179	4.183395916849379e-59	0.9310680556907799	0.5555555555555556	0.0
file	rd_mean_shift	deletion	9	70190001.0	70320000.0	130000.0	0.15069140750914192	0.0009240212692765214	2.145634285555107e-74	0.0009240212692765214	2.145634285555107e-74	0.802697541179279	0.7692307692307693	0.0
file	rd_mean_shift	deletion	9	70510001.0	70550000.0	40000.0	0.00023138976678346157	4.3365261381822506e-08	0.0	4.3365261381822506e-08	0.0	1.0	1.0	0.0
file	rd_mean_shift	deletion	9	70700001.0	70830000.0	130000.0	0.21315787247649426	0.022575684607959102	1.731966506623061e-13	0.022575684607959102	1.731966506623061e-13	0.6365371845949536	0.7271692307692308	0.0
file	rd_mean_shift	deletion	9	73310001.0	73350000.0	40000.0	0.5795243283493715	310.00939724417674	0.025295772210062475	310.00939724417674	0.025295772210062475	0.7167825223435949	0.0	2474700.0
file	rd_mean_shift	deletion	9	92340001.0	92440000.0	100000.0	0.03186598399395616	1.9479369417485515e-06	0.0	1.9479369417485515e-06	0.0	0.021536252692031587	0.96584	0.0
file	rd_mean_shift	deletion	9	92530001.0	92680000.0	150000.0	0.00976099761012385	0.0	0.0	0.0	0.0	0.04889589905362776	0.9919733333333334	0.0
file	rd_mean_shift	deletion	9	133070001.0	133220000.0	150000.0	0.019386651115379874	0.0	0.0	0.0	0.0	0.05992217898832685	0.9796	0.0
file	rd_mean_shift	deletion	9	136420001.0	136460000.0	40000.0	0.6060634821823752	152.4360748365134	8.741192893400219e-07	152.4360748365134	8.741192893400219e-07	0.6783905717705552	0.0	581300.0
file	rd_mean_shift	deletion	9	137040001.0	137090000.0	50000.0	0.02111124926201929	0.023019885788446718	0.0	0.023019885788446718	0.0	0.1	0.97614	0.0
file	rd_mean_shift	deletion	9	139170001.0	139210000.0	40000.0	0.00011569488339173079	1.53236673350321e-08	0.0	1.53236673350321e-08	0.0	1.0	1.0	0.0
file	rd_mean_shift	deletion	9	141150001.0	141220000.0	70000.0	0.043403449786311624	0.00732051980875432	0.0	0.00732051980875432	0.0	1.0	0.9509857142857143	0.0
file	rd_mean_shift	deletion	10	1.0	60000.0	60000.0	0.0001542598445223077	0.0	0.0	0.0	0.0	1.0	1.0	0.0
file	rd_mean_shift	deletion	10	17780001.0	18220000.0	440000.0	0.4558016174279701	0.0	1.2898339950321058e-147	0.0	1.2898339950321058e-147	0.7418913795282466	0.11363636363636363	0.0
file	rd_mean_shift	deletion	10	38820001.0	38860000.0	40000.0	0.0	1.531569870927285e-08	0.0	1.531569870927285e-08	0.0	-1.0	1.0	0.0
file	rd_mean_shift	deletion	10	39160001.0	42350000.0	3190000.0	0.0001733609851449759	0.0	0.0	0.0	0.0	1.0	1.0	0.0
file	rd_mean_shift	deletion	10	42550001.0	42590000.0	40000.0	0.0	1.531569870927285e-08	0.0	1.531569870927285e-08	0.0	-1.0	1.0	0.0
file	rd_mean_shift	deletion	10	46280001.0	46900000.0	620000.0	0.489100327739748	0.0	7.971578583144902e-35	0.0	7.971578583144902e-35	0.8546831273209752	0.08064516129032258	0.0
file	rd_mean_shift	duplication	10	46950001.0	47150000.0	200000.0	1.949549716942423	0.0	0.0	0.0	0.0	0.06312467739664962	0.0	279300.0
file	rd_mean_shift	deletion	10	47150001.0	47320000.0	170000.0	0.5653216259165459	6.768644468442798e-10	1.4017628897898457e-61	6.768644468442798e-10	1.4017628897898457e-61	0.8735759000311802	0.0	109300.0
file	rd_mean_shift	deletion	10	47430001.0	47530000.0	100000.0	0.004626274774443687	0.0	0.0	0.0	0.0	1.0	0.99169	0.0
file	rd_mean_shift	deletion	10	47770001.0	48300000.0	530000.0	0.41804760940730207	0.0	3.950751574798616e-56	0.0	3.950751574798616e-56	0.759499082415749	0.2830188679245283	0.0
file	rd_mean_shift	deletion	10	48660001.0	48870000.0	210000.0	0.6660976974840386	6.040977242248248e-10	6.948320702265384e-67	6.040977242248248e-10	6.948320702265384e-67	0.7447757495663666	0.0	225700.0
file	rd_mean_shift	deletion	10	48890001.0	49200000.0	310000.0	0.4381104066862892	1.2447096256921448e-07	6.419565486687895e-81	1.2447096256921448e-07	6.419565486687895e-81	0.6707086533712553	0.3225806451612903	0.0
file	rd_mean_shift	deletion	10	51140001.0	51360000.0	220000.0	0.3474388086024061	9.895584351937714e-10	6.542525460192607e-270	9.895584351937714e-10	6.542525460192607e-270	0.9530466815628963	0.2155	0.0
file	rd_mean_shift	deletion	10	51400001.0	51450000.0	50000.0	0.014197835307854501	0.004661587273451229	0.0	0.004661587273451229	0.0	0.34105960264900664	0.9769	0.0
file	rd_mean_shift	deletion	10	51640001.0	51720000.0	80000.0	0.4697576110095109	0.003324843113840237	7.646767927679527e-72	0.003324843113840237	7.646767927679527e-72	0.9095014227390821	0.0	191300.0
file	rd_mean_shift	deletion	10	51830001.0	52000000.0	170000.0	0.49234000039416104	5.855342457953207e-06	1.3243102707822571e-46	5.855342457953207e-06	1.3243102707822571e-46	0.7036689913719436	0.0	381300.0
file	rd_mean_shift	duplication	10	76170001.0	76390000.0	220000.0	1.1410304357798267	0.048424116645867654	0.004336993661282659	0.048424116645867654	0.004336993661282659	0.07772194617170239	0.0	24721300.0
file	rd_mean_shift	deletion	10	81470001.0	81510000.0	40000.0	0.6604073400473833	418.3244146027678	0.01204648629101482	418.3244146027678	0.01204648629101482	0.29727375664140754	0.0	30021300.0
file	rd_mean_shift	deletion	10	124360001.0	124380000.0	20000.0	0.603257171020899	6268.890079479785	0.00010933179604736307	6268.890079479785	0.00010933179604736307	0.6303030303030303	0.0	1489600.0
file	rd_mean_shift	deletion	10	125870001.0	125920000.0	50000.0	0.011908270053649686	0.0021917308886987286	0.0	0.0021917308886987286	0.0	0.038461538461538464	0.98944	0.0
file	rd_mean_shift	deletion	10	128620001.0	128770000.0	150000.0	0.02607951836186807	1.0624834345662748e-11	0.0	1.0624834345662748e-11	0.0	0.03450292397660819	0.9737933333333333	0.0
file	rd_mean_shift	deletion	10	133380001.0	133430000.0	50000.0	0.027711926982817815	0.07123987822436952	0.0	0.07123987822436952	0.0	0.03833333333333333	0.97192	0.0
file	rd_mean_shift	deletion	10	133680001.0	133720000.0	40000.0	0.0001735423250875962	6.990078516011522e-08	0.0	6.990078516011522e-08	0.0	1.0	1.0	0.0
file	rd_mean_shift	deletion	11	1.0	170000.0	170000.0	0.46404598484645915	0.07724803317991145	3.8358904827399575e-23	0.07724803317991145	3.8358904827399575e-23	0.9325446913435289	0.35294117647058826	0.0
file	rd_mean_shift	deletion	11	1150001.0	1210000.0	60000.0	0.21038346709240344	38.18260077893787	8.720284557342881e-11	38.18260077893787	8.720284557342881e-11	0.1978398765643751	0.78735	0.0
file	rd_mean_shift	deletion	11	3270001.0	3360000.0	90000.0	0.5242864425866363	0.0003877727233092543	4.454469266911593e-74	0.0003877727233092543	4.454469266911593e-74	0.6690280945218109	0.0	2057400.0
file	rd_mean_shift	duplication	11	11840001.0	12150000.0	310000.0	1.1395692305166003	0.0429531953669868	0.03696380759451898	0.0429531953669868	0.03696380759451898	0.0727343114353954	0.0	10627400.0
file	rd_mean_shift	duplication	11	16350001.0	16560000.0	210000.0	1.1198466725500607	0.03634703035911846	0.005718637208324231	0.03634703035911846	0.005718637208324231	0.05842275591892352	0.0	15137400.0
file	rd_mean_shift	deletion	11	50780001.0	51190000.0	410000.0	0.14269412189056818	0.0	0.0	0.0	0.0	0.5605133502860775	0.748780487804878	0.0
file	rd_mean_shift	deletion	11	51600001.0	54790000.0	3190000.0	0.016828154971962536	0.0	0.0	0.0	0.0	0.5938853282522085	0.9699702194357367	0.0
file	rd_mean_shift	deletion	11	55360001.0	55460000.0	100000.0	0.5813093641816167	0.0019976224931517184	9.083576984476925e-43	0.0019976224931517184	9.083576984476925e-43	0.12147523025114619	0.0	665900.0
file	rd_mean_shift	deletion	11	67480001.0	67510000.0	30000.0	0.6032523977756683	781.0313892586731	1.6216436740813229e-06	781.0313892586731	1.6216436740813229e-06	0.06278423446184941	0.0	1580000.0
file	rd_mean_shift	deletion	11	69090001.0	69140000.0	50000.0	0.004936017347789859	5.266657286284726e-05	0.0	5.266657286284726e-05	0.0	0.1388888888888889	0.99602	0.0
file	rd_mean_shift	deletion	11	69720001.0	69780000.0	60000.0	0.08225343755387553	0.167399966561399	0.0	0.167399966561399	0.0	1.0	0.8333333333333334	0.0
file	rd_mean_shift	deletion	11	87690001.0	87730000.0	40000.0	0.0001735423250875962	6.990078516011522e-08	0.0	6.990078516011522e-08	0.0	1.0	1.0	0.0
file	rd_mean_shift	deletion	11	96290001.0	96440000.0	150000.0	0.014505003702200548	0.0	0.0	0.0	0.0	0.02968036529680365	0.9838933333333333	0.0
file	rd_mean_shift	deletion	11	134950001.0	135010000.0	60000.0	0.00011569488339173079	0.0	0.0	0.0	0.0	1.0	1.0	0.0
file	rd_mean_shift	deletion	12	1.0	60000.0	60000.0	0.00026995472791403855	0.0	0.0	0.0	0.0	1.0	1.0	0.0
file	rd_mean_shift	deletion	12	100001.0	140000.0	40000.0	0.0	1.531569870927285e-08	0.0	1.531569870927285e-08	0.0	-1.0	1.0	0.0
file	rd_mean_shift	deletion	12	7190001.0	7240000.0	50000.0	0.003672264486046977	1.3749927496586878e-05	0.0	1.3749927496586878e-05	0.0	0.15	0.99752	0.0
file	rd_mean_shift	deletion	12	8560001.0	8600000.0	40000.0	0.5963042552254435	51.434195767948424	1.4325025321839062e-18	51.434195767948424	1.4325025321839062e-18	0.18105020639339542	0.0	1320300.0
file	rd_mean_shift	deletion	12	9630001.0	9730000.0	100000.0	0.5567126058742277	4.965760702635436e-07	1.8757082219661342e-81	4.965760702635436e-07	1.8757082219661342e-81	0.15472659676678224	0.0	2390300.0
file	rd_mean_shift	deletion	12	11220001.0	11250000.0	30000.0	0.5377250191059314	10.108426828646667	7.893862439691511e-28	10.108426828646667	7.893862439691511e-28	0.11022710834659337	0.0	3980300.0
file	rd_mean_shift	deletion	12	33380001.0	33400000.0	20000.0	0.2800529433153763	3300.6158644325574	0.0	3300.6158644325574	0.0	0.15644298065047343	0.0	1456800.0
file	rd_mean_shift	deletion	12	34860001.0	37860000.0	3000000.0	0.001476325860651405	0.0	0.0	0.0	0.0	0.2309322033898305	0.998898	0.0
file	rd_mean_shift	deletion	12	109370001.0	109420000.0	50000.0	0.06638813193367107	2.669675764320441	0.0	2.669675764320441	0.0	0.031013094417643005	0.9306	0.0
file	rd_mean_shift	deletion	12	122530001.0	122580000.0	50000.0	0.013877957812961021	0.004039866001106507	0.0	0.004039866001106507	0.0	0.0297029702970297	0.98754	0.0
file	rd_mean_shift	deletion	12	132690001.0	132810000.0	120000.0	0.1427740228894285	0.0035637906273366937	2.214899161720294e-34	0.0035637906273366937	2.214899161720294e-34	0.0578740157480315	0.8333333333333334	0.0
file	rd_mean_shift	deletion	12	133500001.0	133680000.0	180000.0	0.5107094068920741	1.7708057242771247e-12	8.040265937929664e-159	1.7708057242771247e-12	8.040265937929664e-159	0.9533083645443196	0.0	162000.0
file	rd_mean_shift	deletion	13	1.0	19020000.0	19020000.0	0.00019063499713442916	0.0	0.0	0.0	0.0	1.0	1.0	0.0
file	rd_mean_shift	deletion	13	86760001.0	86910000.0	150000.0	0.0023150552929564446	0.0	0.0	0.0	0.0	0.07236842105263158	0.99784	0.0
file	rd_mean_shift	deletion	13	112360001.0	112500000.0	140000.0	0.00021486192629892862	0.0	0.0	0.0	0.0	1.0	1.0	0.0
file	rd_mean_shift	deletion	13	114330001.0	114430000.0	100000.0	0.027454227819395136	4.837370204402447e-07	0.0	4.837370204402447e-07	0.0	0.1320754716981132	0.95993	0.0
file	rd_mean_shift	deletion	13	114640001.0	114740000.0	100000.0	0.0008111414775382932	0.0	0.0	0.0	0.0	0.05555555555555555	0.99948	0.0
file	rd_mean_shift	deletion	13	115110001.0	115170000.0	60000.0	0.00026995472791403855	0.0	0.0	0.0	0.0	1.0	1.0	0.0
file	rd_mean_shift	deletion	14	1.0	19000000.0	19000000.0	0.0001918099382547116	0.0	0.0	0.0	0.0	1.0	1.0	0.0
file	rd_mean_shift	duplication	14	19000001.0	19130000.0	130000.0	1.8157993921664666	5.3707819215064436e-05	4.285849935119634e-98	5.3707819215064436e-05	4.285849935119634e-98	0.06082017315421732	0.0	100.0
file	rd_mean_shift	duplication	14	19480001.0	19750000.0	270000.0	1.9783540214260074	1.180537149518083e-12	0.0	1.180537149518083e-12	0.0	0.6343144882434302	0.0	480100.0
file	rd_mean_shift	duplication	14	19790001.0	20430000.0	640000.0	1.7395133364651947	0.0	4.2807376110196864e-194	0.0	4.2807376110196864e-194	0.40710927645912165	0.0	790100.0
file	rd_mean_shift	deletion	14	74000001.0	74020000.0	20000.0	0.5981834441823303	3947.8570344646746	3.182190699911415e-07	3947.8570344646746	3.182190699911415e-07	0.2223497895139686	0.0	33269700.0
file	rd_mean_shift	deletion	14	106530001.0	106570000.0	40000.0	0.5465527944171014	5.828222515378759	3.4165561467975186e-31	5.828222515378759	3.4165561467975186e-31	0.059202875568241886	0.0	719700.0
file	rd_mean_shift	deletion	14	107290001.0	107350000.0	60000.0	0.0003085196890446154	0.0	0.0	0.0	0.0	1.0	1.0	0.0
file	rd_mean_shift	deletion	15	1.0	20000000.0	20000000.0	0.00020339160500266272	0.0	0.0	0.0	0.0	1.0	1.0	0.0
file	rd_mean_shift	duplication	15	20390001.0	20630000.0	240000.0	1.8392809110114057	0.0002024882204576528	2870999996.5344357	0.0002024882204576528	2870999996.5344357	0.07601095672303897	0.0	264800.0
file	rd_mean_shift	deletion	15	20630001.0	20830000.0	200000.0	0.7162902354021402	3.5983126478456036e-08	6.453088851962787e-27	3.5983126478456036e-08	6.453088851962787e-27	0.7371195782410735	0.0	64800.0
file	rd_mean_shift	deletion	15	20890001.0	20940000.0	50000.0	0.24495570345442844	156.32869051977053	1.2137451399831689e-16	156.32869051977053	1.2137451399831689e-16	0.25804552590266877	0.80884	0.0
file	rd_mean_shift	duplication	15	21060001.0	21190000.0	130000.0	1.3004140311422416	0.042647113440369845	1.3526215883982708e-19	0.042647113440369845	1.3526215883982708e-19	0.4765450483991065	0.0	125100.0
file	rd_mean_shift	deletion	15	21210001.0	21240000.0	30000.0	0.5404339460963549	95.464990483786	6.875297831686441e-25	95.464990483786	6.875297831686441e-25	0.7215614943332866	0.0	159000.0
file	rd_mean_shift	deletion	15	21400001.0	21890000.0	490000.0	0.014082138248381202	0.0	2.8369249384e-314	0.0	2.8369249384e-314	0.37724982001439883	0.9897959183673469	0.0
file	rd_mean_shift	deletion	15	22210001.0	22290000.0	80000.0	0.24804320600070584	3.0621269522590437	3.591975434651178e-33	3.0621269522590437	3.591975434651178e-33	1.0	0.625	0.0
file	rd_mean_shift	duplication	15	22290001.0	22590000.0	300000.0	1.8534799334205698	0.0	3.276683374047577e-103	0.0	3.276683374047577e-103	0.06502760704240025	0.0	6300.0
file	rd_mean_shift	deletion	15	22590001.0	23450000.0	860000.0	0.5371732451987854	0.0	3.2266621857097693e-90	0.0	3.2266621857097693e-90	0.43097311699673907	0.05813953488372093	0.0
file	rd_mean_shift	deletion	15	23520001.0	23600000.0	80000.0	0.2951244389420898	5.8236780013946925	1.3696886692109475e-47	5.8236780013946925	1.3696886692109475e-47	0.8562433401143078	0.5606625	0.0
file	rd_mean_shift	deletion	15	29160001.0	29210000.0	50000.0	0.01065601353047917	0.001450934473508081	0.0	0.001450934473508081	0.0	0.05603448275862069	0.98886	0.0
file	rd_mean_shift	duplication	15	60660001.0	60890000.0	230000.0	1.1568467971759746	0.04387401891982491	0.7377727489369753	0.04387401891982491	0.7377727489369753	0.07550578976172069	0.0	21939800.0
file	rd_mean_shift	duplication	15	67370001.0	67630000.0	260000.0	1.1430835781989293	0.034879105007600955	3.627995276578129e-05	0.034879105007600955	3.627995276578129e-05	0.07808782846559781	0.0	15199800.0
file	rd_mean_shift	deletion	15	82580001.0	83210000.0	630000.0	0.6334958112832496	0.0	2856375783.797239	0.0	2856375783.797239	0.8889702182167528	0.07936507936507936	0.0
file	rd_mean_shift	deletion	15	84980001.0	85040000.0	60000.0	0.15481917705771472	6.1124720649736	3.2419993284900614e-63	6.1124720649736	3.2419993284900614e-63	0.7656945130993574	0.8333333333333334	0.0
file	rd_mean_shift	deletion	15	102400001.0	102460000.0	60000.0	0.6293671647513214	0.02563641119657234	2.500622413014566e-34	0.02563641119657234	2.500622413014566e-34	0.3875677673730902	0.0	61500.0
file	rd_mean_shift	deletion	16	1.0	60000.0	60000.0	7.712992226115385e-05	0.0	0.0	0.0	0.0	1.0	1.0	0.0
file	rd_mean_shift	deletion	16	8640001.0	8680000.0	40000.0	0.00011569488339173079	7.963844583791513e-08	0.0	7.963844583791513e-08	0.0	1.0	1.0	0.0
file	rd_mean_shift	deletion	16	14780001.0	14860000.0	80000.0	0.582673927956333	0.3099483846681489	1.6596224380333434e-20	0.3099483846681489	1.6596224380333434e-20	0.9349960722702279	0.0	6093200.0
file	rd_mean_shift	duplication	16	14990001.0	15130000.0	140000.0	1.7232237916345698	0.00713638156286746	6.115612110188666e-17	0.00713638156286746	6.115612110188666e-17	0.24179696726345126	0.0	6303200.0
file	rd_mean_shift	duplication	16	21420001.0	21590000.0	170000.0	1.581984125677724	0.0006460992196373064	6.430220807496522e-32	0.0006460992196373064	6.430220807496522e-32	0.476152785579329	0.0	12433300.0
file	rd_mean_shift	duplication	16	21840001.0	21930000.0	90000.0	1.3524265807200702	0.04863311393363823	2.146145343059226e-18	0.04863311393363823	2.146145343059226e-18	0.7845654307936268	0.0	12093300.0
file	rd_mean_shift	duplication	16	22460001.0	22710000.0	250000.0	1.670034627701961	6.176003708446842e-09	1.3297565906570813e-136	6.176003708446842e-09	1.3297565906570813e-136	0.4120711828264287	0.0	11313300.0
file	rd_mean_shift	duplication	16	29450001.0	29550000.0	100000.0	1.4081674633238759	1.5459146722740513e-05	8.103027934775454e-60	1.5459146722740513e-05	8.103027934775454e-60	0.8886185192395043	0.0	4473300.0
file	rd_mean_shift	duplication	16	30200001.0	30300000.0	100000.0	1.4492024225368523	0.032202108289903775	3.2191625847910245e-41	0.032202108289903775	3.2191625847910245e-41	0.8592012849988977	0.0	3723300.0
file	rd_mean_shift	duplication	16	32320001.0	32480000.0	160000.0	1.4477781607447096	5.040155792723766e-10	6.066905380961437e-79	5.040155792723766e-10	6.066905380961437e-79	0.12044364508393285	0.0	1543300.0
file	rd_mean_shift	duplication	16	32490001.0	32660000.0	170000.0	1.602414083533805	3.09532042761779e-05	4.4101052780759544e-135	3.09532042761779e-05	4.4101052780759544e-135	0.043990976210008206	0.0	1363300.0
file	rd_mean_shift	duplication	16	33330001.0	33640000.0	310000.0	1.5551702098188982	5.511204396072807e-10	3.3832273566594357e-116	5.511204396072807e-10	3.3832273566594357e-116	0.09048288570153508	0.0	383300.0
file	rd_mean_shift	deletion	16	34020001.0	34170000.0	150000.0	0.02066829312193415	0.0	0.0	0.0	0.0	0.02880354505169867	0.979	0.0
file	rd_mean_shift	deletion	16	35180001.0	35200000.0	20000.0	0.6280458976219203	2813.40916782785	3.3566403527360573e-06	2813.40916782785	3.3566403527360573e-06	0.0942736144356472	0.0	86000.0
file	rd_mean_shift	deletion	16	35290001.0	46380000.0	11090000.0	0.000176306900750248	0.0	0.0	0.0	0.0	1.0	1.0	0.0
file	rd_mean_shift	deletion	16	88390001.0	88440000.0	50000.0	0.01383982676742659	0.004272097344582004	0.0	0.004272097344582004	0.0	0.019801980198019802	0.98766	0.0
file	rd_mean_shift	deletion	16	90300001.0	90360000.0	60000.0	0.00023138976678346157	0.0	0.0	0.0	0.0	1.0	1.0	0.0
file	rd_mean_shift	deletion	17	300001.0	400000.0	100000.0	0.03243176298406545	2.243843890692432e-06	0.0	2.243843890692432e-06	0.0	0.036619718309859155	0.96626	0.0
file	rd_mean_shift	duplication	17	16660001.0	16730000.0	70000.0	1.4951189380765757	0.005435385828722605	4.486545464495154e-65	0.005435385828722605	4.486545464495154e-65	0.1998113952366332	0.0	4836800.0
file	rd_mean_shift	deletion	17	18330001.0	18390000.0	60000.0	0.6936924937324106	3.6728424248630605	1.118022536967268e-12	3.6728424248630605	1.118022536967268e-12	0.5224239772478669	0.0	3176800.0
file	rd_mean_shift	deletion	17	18400001.0	18460000.0	60000.0	0.6268564042854959	0.09081537226171554	3.702708356554984e-32	0.09081537226171554	3.702708356554984e-32	0.3717101236381442	0.0	3106800.0
file	rd_mean_shift	deletion	17	21570001.0	21700000.0	130000.0	0.1550520700364777	0.0003041319854649812	2.039539076021411e-107	0.0003041319854649812	2.039539076021411e-107	0.6436023504017269	0.7431384615384615	0.0
file	rd_mean_shift	deletion	17	22270001.0	25260000.0	2990000.0	0.0001656100671961899	0.0	0.0	0.0	0.0	1.0	1.0	0.0
file	rd_mean_shift	deletion	17	34500001.0	34730000.0	230000.0	0.3794425954425745	2.85724985410704e-06	11527052.293093696	2.85724985410704e-06	11527052.293093696	0.8547405802021046	0.21739130434782608	0.0
file	rd_mean_shift	duplication	17	44160001.0	44370000.0	210000.0	2.0679958855922025	0.0	0.0	0.0	0.0	0.07369473556128091	0.0	9434300.0
file	rd_mean_shift	deletion	17	44440001.0	44560000.0	120000.0	0.47345739341067455	2.170919277677541e-08	9.649849960381391e-144	2.170919277677541e-08	9.649849960381391e-144	0.9024708472641279	0.0	9714300.0
file	rd_mean_shift	deletion	17	44650001.0	44780000.0	130000.0	0.63888557272818	9.082369933056411e-07	9.770024386574201e-64	9.082369933056411e-07	9.770024386574201e-64	0.6968093991870371	0.0	9924300.0
file	rd_mean_shift	deletion	17	62410001.0	62460000.0	50000.0	0.015967797261052918	0.007523225096095487	0.0	0.007523225096095487	0.0	0.017142857142857144	0.9848	0.0
file	rd_mean_shift	deletion	17	77470001.0	77530000.0	60000.0	0.5739700645501528	2.0054869158374955	2.3602632186204755e-22	2.0054869158374955	2.3602632186204755e-22	0.7868100170447095	0.0	16600.0
file	rd_mean_shift	deletion	17	77550001.0	77630000.0	80000.0	0.2336033025001348	1.1596953499320952	3.5122877548243e-70	1.1596953499320952	3.5122877548243e-70	0.8192524936906622	0.5807625	0.0
file	rd_mean_shift	deletion	17	79710001.0	79760000.0	50000.0	0.01780495840529988	0.01157934070610045	0.0	0.01157934070610045	0.0	0.035175879396984924	0.98098	0.0
file	rd_mean_shift	deletion	17	81110001.0	81150000.0	40000.0	0.5868891541542837	28.25782100046965	7.108524576786789e-24	28.25782100046965	7.108524576786789e-24	0.7505043712172159	0.0	45400.0
file	rd_mean_shift	deletion	18	15410001.0	18510000.0	3100000.0	0.0005181322434004727	0.0	0.0	0.0	0.0	0.48201438848920863	0.9997103225806452	0.0
file	rd_mean_shift	deletion	18	52060001.0	52210000.0	150000.0	0.0052326365436157155	0.0	0.0	0.0	0.0	0.06948640483383686	0.99424	0.0
file	rd_mean_shift	deletion	18	72280001.0	72340000.0	60000.0	0.16570972284713287	10.75266172608169	3.7914767336967917e-38	10.75266172608169	3.7914767336967917e-38	0.04807025652877282	0.8333333333333334	0.0
file	rd_mean_shift	deletion	18	75720001.0	75770000.0	50000.0	0.04083039535257872	0.3525100493748834	0.0	0.3525100493748834	0.0	0.018285714285714287	0.9636	0.0
file	rd_mean_shift	deletion	18	78020001.0	78080000.0	60000.0	7.712992226115385e-05	0.0	0.0	0.0	0.0	1.0	1.0	0.0
file	rd_mean_shift	deletion	19	1.0	60000.0	60000.0	0.00011569488339173079	0.0	0.0	0.0	0.0	1.0	1.0	0.0
file	rd_mean_shift	deletion	19	7300001.0	7400000.0	100000.0	0.26834587146228683	0.05316631864206612	1.0953853934157353e-80	0.05316631864206612	1.0953853934157353e-80	0.5531987392452509	0.5	0.0
file	rd_mean_shift	deletion	19	8340001.0	8370000.0	30000.0	0.5913791744194431	73.44730355871111	1.6791718318993795e-18	73.44730355871111	1.6791718318993795e-18	0.5546024836768659	0.0	317300.0
file	rd_mean_shift	deletion	19	8690001.0	8730000.0	40000.0	0.0	1.531569870927285e-08	0.0	1.531569870927285e-08	0.0	-1.0	1.0	0.0
file	rd_mean_shift	deletion	19	20500001.0	20580000.0	80000.0	0.20881115755372198	0.7053982706012082	2.0572903553191113e-56	0.7053982706012082	2.0572903553191113e-56	0.4750454354816161	0.625	0.0
file	rd_mean_shift	duplication	19	20870001.0	21000000.0	130000.0	1.4167305329216227	4.310492024855578e-06	1.098033713207444e-29	4.310492024855578e-06	1.098033713207444e-29	0.029824715492038797	0.0	296700.0
file	rd_mean_shift	duplication	19	24510001.0	24610000.0	100000.0	1.9684913219943416	0.0011106125529236621	0.0	0.0011106125529236621	0.0	0.11116640009478111	0.0	21900.0
file	rd_mean_shift	deletion	19	24630001.0	27730000.0	3100000.0	0.0023655936477857504	0.0	0.0	0.0	0.0	0.9930708661417322	0.9994251612903226	0.0
file	rd_mean_shift	deletion	19	52130001.0	52150000.0	20000.0	0.6005351401765163	4902.06671419196	3.935847747377439e-06	4902.06671419196	3.935847747377439e-06	0.10914285714285714	0.0	6969100.0
file	rd_mean_shift	deletion	19	55300001.0	55370000.0	70000.0	0.4791184574024057	0.00044444081258111973	7.389925745592278e-80	0.00044444081258111973	7.389925745592278e-80	0.5004778156996587	0.0	3749100.0
file	rd_mean_shift	deletion	20	1.0	60000.0	60000.0	0.00019282480565288465	0.0	0.0	0.0	0.0	1.0	1.0	0.0
file	rd_mean_shift	deletion	20	1560001.0	1600000.0	40000.0	0.24558686533705068	274.0524426581161	5.99228579183871e-24	274.0524426581161	5.99228579183871e-24	0.1983625730994152	0.0	1500100.0
file	rd_mean_shift	deletion	20	16570001.0	16590000.0	20000.0	0.6064545591343878	6406.309848611167	0.00022252178277409537	6406.309848611167	0.00022252178277409537	0.054945054945054944	0.0	9729700.0
file	rd_mean_shift	deletion	20	25770001.0	25820000.0	50000.0	0.6993821161524418	27.02962159912399	7.95187529044963e-06	27.02962159912399	7.95187529044963e-06	0.9694411726213846	0.0	499700.0
file	rd_mean_shift	deletion	20	25990001.0	26050000.0	60000.0	0.7297350113914711	0.5975565107464331	3.013855360044582e-14	0.5975565107464331	3.013855360044582e-14	0.9203053914134811	0.0	269700.0
file	rd_mean_shift	deletion	20	26320001.0	29500000.0	3180000.0	0.016352962492149827	0.0	6.419389715165868e-158	0.0	6.419389715165868e-158	0.10170413343002176	0.9747072327044025	0.0
file	rd_mean_shift	deletion	20	29660001.0	29800000.0	140000.0	0.0004131960121133243	0.0	0.0	0.0	0.0	1.0	1.0	0.0
file	rd_mean_shift	deletion	20	34900001.0	34940000.0	40000.0	0.0	1.531569870927285e-08	0.0	1.531569870927285e-08	0.0	-1.0	1.0	0.0
file	rd_mean_shift	deletion	20	61090001.0	61140000.0	50000.0	0.02409562847019909	0.04044938462983039	0.0	0.04044938462983039	0.0	0.07050092764378478	0.97126	0.0
file	rd_mean_shift	deletion	20	61210001.0	61260000.0	50000.0	0.07115116328298407	3.6564421902284834	0.0	3.6564421902284834	0.0	0.01866151866151866	0.93262	0.0
file	rd_mean_shift	deletion	20	62950001.0	63030000.0	80000.0	0.14079185085829626	1.2619409909302688	0.0037989604450643206	1.2619409909302688	0.0037989604450643206	0.17495921696574226	0.806	0.0
file	rd_mean_shift	deletion	21	1.0	9410000.0	9410000.0	0.00020507870934899784	0.0	0.0	0.0	0.0	1.0	1.0	0.0
file	rd_mean_shift	deletion	21	9600001.0	9640000.0	40000.0	0.0001735423250875962	6.990078516011522e-08	0.0	6.990078516011522e-08	0.0	1.0	1.0	0.0
file	rd_mean_shift	deletion	21	9780001.0	9820000.0	40000.0	0.0	1.531569870927285e-08	0.0	1.531569870927285e-08	0.0	-1.0	1.0	0.0
file	rd_mean_shift	deletion	21	9910001.0	9970000.0	60000.0	0.507659651712602	22.508903514324995	8.365851741862925e-12	22.508903514324995	8.365851741862925e-12	0.6606001353688802	0.0	65100.0
file	rd_mean_shift	deletion	21	10040001.0	10080000.0	40000.0	0.0	1.531569870927285e-08	0.0	1.531569870927285e-08	0.0	-1.0	1.0	0.0
file	rd_mean_shift	duplication	21	10080001.0	10220000.0	140000.0	2.080206120931317	0.023694106112194722	20555.525595753	0.023694106112194722	20555.525595753	0.6889924795311421	0.06388571428571428	0.0
file	rd_mean_shift	deletion	21	10220001.0	10370000.0	150000.0	0.04752788413632055	5.757597731914643e-08	2.7943019655878638e-77	5.757597731914643e-08	2.7943019655878638e-77	0.6923837784371909	0.9731733333333333	0.0
file	rd_mean_shift	duplication	21	10370001.0	10650000.0	280000.0	2.408828559818946	0.0	0.0	0.0	0.0	0.11395749447808673	0.007514285714285715	0.0
file	rd_mean_shift	deletion	21	10650001.0	10690000.0	40000.0	0.0001735423250875962	6.990078516011522e-08	0.0	6.990078516011522e-08	0.0	1.0	1.0	0.0
file	rd_mean_shift	duplication	21	10700001.0	11000000.0	300000.0	2.6643993429874206	2.944885335587344e-07	1.695671452053919e-88	2.944885335587344e-07	1.695671452053919e-88	0.11684548425344862	0.0	2300.0
file	rd_mean_shift	duplication	21	11020001.0	11190000.0	170000.0	4.0018575213558165	5.449092541892957e-06	0.0	5.449092541892957e-06	0.0	0.11078053247367758	0.011005882352941176	0.0
file	rd_mean_shift	deletion	21	11190001.0	14340000.0	3150000.0	0.0013175630244644063	0.0	0.0	0.0	0.0	0.16339135317237508	0.9994060317460317	0.0
file	rd_mean_shift	duplication	21	14340001.0	14450000.0	110000.0	1.7120488338157684	0.018323749069470985	8.027371495534091e-69	0.018323749069470985	8.027371495534091e-69	0.06935932462034507	0.0	2000.0
file	rd_mean_shift	deletion	21	14960001.0	15200000.0	240000.0	0.4014473438746487	0.0	1.065435890322165e-142	0.0	1.065435890322165e-142	0.8592183049711591	0.0	622000.0
file	rd_mean_shift	deletion	21	42950001.0	43010000.0	60000.0	0.17353375001396648	10.792838996578867	2.6328839907129617e-54	10.792838996578867	2.6328839907129617e-54	0.027056753189617245	0.8333333333333334	0.0
file	rd_mean_shift	deletion	21	44630001.0	44710000.0	80000.0	0.1915176735594203	0.14693865720380866	0.0	0.14693865720380866	0.0	0.7471620227038184	0.625	0.0
file	rd_mean_shift	deletion	22	1.0	16050000.0	16050000.0	0.00019059020042849607	0.0	0.0	0.0	0.0	1.0	1.0	0.0
file	rd_mean_shift	duplication	22	16100001.0	16450000.0	350000.0	1.906470829411894	0.0	0.0	0.0	0.0	0.5948314411994107	0.0	50100.0
file	rd_mean_shift	deletion	22	16700001.0	16850000.0	150000.0	0.016938419349808047	0.0	0.0	0.0	0.0	0.14893617021276595	0.9856666666666667	0.0
file	rd_mean_shift	deletion	22	16960001.0	17010000.0	50000.0	0.6569176924973565	49.92310000739882	1.9940051424685947e-05	49.92310000739882	1.9940051424685947e-05	0.6641654978962132	0.0	112300.0
file	rd_mean_shift	deletion	22	17160001.0	17200000.0	40000.0	0.6321483109652376	81.24757550653747	3.591015429236704e-11	81.24757550653747	3.591015429236704e-11	0.5212305425071383	0.0	312300.0
file	rd_mean_shift	deletion	22	17240001.0	17280000.0	40000.0	0.5261480324713947	28.63365406823533	3.921364691985787e-35	28.63365406823533	3.921364691985787e-35	0.6382581989689591	0.0	392300.0
file	rd_mean_shift	deletion	22	20510001.0	20610000.0	100000.0	0.00391537248390536	0.0	0.0	0.0	0.0	0.7485380116959064	0.99431	0.0
file	rd_mean_shift	deletion	22	21710001.0	21750000.0	40000.0	0.6766694041853597	222.3063031596332	0.0004111055698737322	222.3063031596332	0.0004111055698737322	0.693124742692466	0.0	1100700.0
file	rd_mean_shift	deletion	22	21810001.0	21910000.0	100000.0	0.7377020333517859	0.02760983441189579	5.518467609738696e-11	0.02760983441189579	5.518467609738696e-11	0.7227210050559215	0.0	1200700.0
file	rd_mean_shift	deletion	22	24360001.0	24400000.0	40000.0	0.5499247220484222	14.791421507326945	1.0451168363309135e-24	14.791421507326945	1.0451168363309135e-24	0.10672347500779383	0.0	3750700.0
file	rd_mean_shift	deletion	22	25410001.0	25460000.0	50000.0	0.64247049094812	12.441365096752818	1.7276062150378086e-08	12.441365096752818	1.7276062150378086e-08	0.6480045528917977	0.0	4800700.0
file	rd_mean_shift	duplication	22	25810001.0	26130000.0	320000.0	1.0700585036467765	0.0048365727949795795	10238.788338457252	0.0048365727949795795	10238.788338457252	0.06175075637129613	0.0	5200700.0
file	rd_mean_shift	deletion	22	33060001.0	33090000.0	30000.0	0.5173701872723305	121.32112121799464	6.470961794769184e-26	121.32112121799464	6.470961794769184e-26	0.7886803605733708	0.0	12450700.0
file	rd_mean_shift	deletion	22	50360001.0	50420000.0	60000.0	0.20246592420083767	24.7834411481458	1.1505460184614852e-40	24.7834411481458	1.1505460184614852e-40	0.21381458409673873	0.8333333333333334	0.0
file	rd_mean_shift	deletion	22	51250001.0	51310000.0	60000.0	0.00011569488339173079	0.0	0.0	0.0	0.0	1.0	1.0	0.0
file	rd_mean_shift	deletion	X	1.0	60000.0	60000.0	0.0	0.0	0.0	0.0	0.0	-1.0	1.0	0.0
file	rd_mean_shift	deletion	X	90001.0	150000.0	60000.0	0.1252659940673853	2.0423083373258932	7.455637093358003e-80	2.0423083373258932	7.455637093358003e-80	0.7116204690831557	0.8333333333333334	0.0
file	rd_mean_shift	deletion	X	230001.0	280000.0	50000.0	0.04597363640161772	0.5759312948031048	0.0	0.5759312948031048	0.0	0.09712230215827339	0.97232	0.0
file	rd_mean_shift	duplication	X	280001.0	1040000.0	760000.0	1.685568584664799	0.0	1.6048332707015914e-24	0.0	1.6048332707015914e-24	0.11319244839299712	0.0018210526315789474	0.0
file	rd_mean_shift	deletion	X	1040001.0	1190000.0	150000.0	0.25901449666661247	0.004704991653348145	3.9163122268293027e-07	0.004704991653348145	3.9163122268293027e-07	0.6130111123098501	0.6666666666666666	0.0
file	rd_mean_shift	deletion	X	1260001.0	1320000.0	60000.0	0.19236970036943044	18.489256736451985	1.8409001461376023e-43	18.489256736451985	1.8409001461376023e-43	0.1268491124260355	0.8333333333333334	0.0
file	rd_mean_shift	duplication	X	1320001.0	2070000.0	750000.0	1.6592280300198592	0.0	35992907.732986234	0.0	35992907.732986234	0.10775450671470244	0.0023493333333333335	0.0
file	rd_mean_shift	deletion	X	2070001.0	2110000.0	40000.0	0.00011209944505751645	7.243480815155579e-08	0.0	7.243480815155579e-08	0.0	1.0	1.0	0.0
file	rd_mean_shift	duplication	X	2120001.0	2700000.0	580000.0	1.8879227769512539	0.0	1962331965.6863217	0.0	1962331965.6863217	0.096778840164445	0.0	1900.0
file	rd_mean_shift	deletion	X	7620001.0	7680000.0	60000.0	0.1625516034252652	8.027194891102635	2.8677813783651824e-49	8.027194891102635	2.8677813783651824e-49	0.04917279411764706	0.8333333333333334	0.0
file	rd_mean_shift	deletion	X	10740001.0	10780000.0	40000.0	0.0005604972252875822	5.092748722734797e-07	0.0	5.092748722734797e-07	0.0	1.0	1.0	0.0
file	rd_mean_shift	deletion	X	37100001.0	37140000.0	40000.0	0.0	1.1148904299762563e-07	0.0	1.1148904299762563e-07	0.0	-1.0	1.0	0.0
file	rd_mean_shift	deletion	X	49240001.0	49290000.0	50000.0	0.0824614985400273	6.892734756756765	0.0	6.892734756756765	0.0	0.9506037321624589	0.94006	0.0
file	rd_mean_shift	deletion	X	49970001.0	50030000.0	60000.0	0.16044028277139746	7.874573701932402	1.772251914705798e-46	7.874573701932402	1.772251914705798e-46	0.051716031969910675	0.8333333333333334	0.0
file	rd_mean_shift	deletion	X	52100001.0	52500000.0	400000.0	0.4258327063533573	0.0	6.029849378478577e-221	0.0	6.029849378478577e-221	0.9855579640124311	0.125	0.0
file	rd_mean_shift	deletion	X	58660001.0	61680000.0	3020000.0	0.0003815835414540626	0.0	0.0	0.0	0.0	1.0	1.0	0.0
file	rd_mean_shift	deletion	X	76650001.0	76710000.0	60000.0	0.16509349170159873	9.68109724482988	1.6704003390350947e-39	9.68109724482988	1.6704003390350947e-39	0.07211961301671065	0.8333333333333334	0.0
file	rd_mean_shift	deletion	X	113520001.0	113560000.0	40000.0	0.0008967955604601316	1.3143459295927862e-05	0.0	1.3143459295927862e-05	0.0	1.0	1.0	0.0
file	rd_mean_shift	deletion	X	115680001.0	115730000.0	50000.0	0.04339453305939633	0.44770556249346116	0.0	0.44770556249346116	0.0	0.03958333333333333	0.9542	0.0
file	rd_mean_shift	deletion	X	120010001.0	120120000.0	110000.0	0.2530149198585495	0.004759581699664839	1.651091435117362e-142	0.004759581699664839	1.651091435117362e-142	0.9996946098641014	0.45454545454545453	0.0
file	rd_mean_shift	deletion	X	143510001.0	143550000.0	40000.0	0.0006725966703450987	3.016228442009883e-06	0.0	3.016228442009883e-06	0.0	1.0	1.0	0.0
file	rd_mean_shift	deletion	X	148900001.0	148960000.0	60000.0	0.15889684813309765	7.042244623089439	1.3609393375577844e-52	7.042244623089439	1.3609393375577844e-52	0.08234737340274491	0.8333333333333334	0.0
file	rd_mean_shift	deletion	X	149030001.0	149080000.0	50000.0	0.05206408690489957	0.9622483084607604	0.0	0.9622483084607604	0.0	0.22695035460992907	0.95876	0.0
file	rd_mean_shift	deletion	X	152280001.0	152330000.0	50000.0	0.023353530870831005	0.03593369392454582	0.0	0.03593369392454582	0.0	1.0	0.94198	0.0
file	rd_mean_shift	duplication	X	154930001.0	155270000.0	340000.0	2.0000472745700875	0.0	0.0	0.0	0.0	0.1482358129008411	0.02776470588235294	0.0
file	rd_mean_shift	deletion	Y	1.0	2650000.0	2650000.0	0.0005396190612750823	0.0	0.0	0.0	0.0	0.7713414634146342	0.9998188679245283	0.0
file	rd_mean_shift	deletion	Y	8910001.0	8970000.0	60000.0	0.152572883695253	5.061907282944822	2.7327838614996554e-72	5.061907282944822	2.7327838614996554e-72	0.03606719367588933	0.8333333333333334	0.0
file	rd_mean_shift	deletion	Y	9240001.0	9290000.0	50000.0	0.1149981033936787	28.04395316992763	3.088981247502543e-42	28.04395316992763	3.088981247502543e-42	0.7531504818383988	0.97356	0.0
file	rd_mean_shift	duplication	Y	9290001.0	9380000.0	90000.0	3.686940625063788	0.037097075417069636	0.0	0.037097075417069636	0.0	0.8498739903069467	0.014688888888888888	0.0
file	rd_mean_shift	deletion	Y	10110001.0	13100000.0	2990000.0	0.0003539193181749014	0.0	0.0	0.0	0.0	1.0	1.0	0.0
file	rd_mean_shift	deletion	Y	13750001.0	13790000.0	40000.0	0.0	1.1148904299762563e-07	0.0	1.1148904299762563e-07	0.0	-1.0	1.0	0.0
file	rd_mean_shift	deletion	Y	20140001.0	20200000.0	60000.0	0.22613424621435763	46.4758459314259	2.543952370101844e-23	46.4758459314259	2.543952370101844e-23	0.9722500835840856	0.8333333333333334	0.0
file	rd_mean_shift	deletion	Y	22250001.0	22420000.0	170000.0	0.27824140967803435	5.0619054536195935e-06	8.435591812439378e-133	5.0619054536195935e-06	8.435591812439378e-133	0.48594758830231677	0.29411764705882354	0.0
file	rd_mean_shift	deletion	Y	23900001.0	23950000.0	50000.0	0.08449829823608289	7.531380687043465	0.0	7.531380687043465	0.0	0.02806122448979592	0.97144	0.0
file	rd_mean_shift	deletion	Y	28820001.0	58740000.0	29920000.0	0.00038095827451364547	0.0	0.0	0.0	0.0	1.0	1.0	0.0
file	rd_mean_shift	duplication	Y	58820001.0	58920000.0	100000.0	127.54045033758426	6.19638267196354e-05	0.0	6.19638267196354e-05	0.0	0.9515114073852994	0.02344	0.0
file	rd_mean_shift	deletion	Y	58920001.0	58960000.0	40000.0	0.0004483977802300658	1.6407241065774514e-06	0.0	1.6407241065774514e-06	0.0	1.0	1.0	0.0
file	rd_mean_shift	deletion	Y	59040001.0	59380000.0	340000.0	0.0004220214402165325	0.0	0.0	0.0	0.0	1.0	1.0	0.0
file	rd_mean_shift	deletion	GL000210.1	1.0	30000.0	30000.0	0.5075893534975847	203.8920557464418	3.32870968131437e-23	203.8920557464418	3.32870968131437e-23	0.7624498290471236	0.0806	100.0
file	rd_mean_shift	deletion	GL000201.1	1.0	40000.0	40000.0	0.4479332065462785	28.54997716374965	1.1526961717422583e-46	28.54997716374965	1.1526961717422583e-46	0.9431085770946951	0.0963	100.0
file	rd_mean_shift	deletion	GL000197.1	1.0	40000.0	40000.0	0.46615641366045774	38.88225488917727	1.0456215280019311e-38	38.88225488917727	1.0456215280019311e-38	0.9696019300361882	0.073125	100.0
file	rd_mean_shift	deletion	GL000203.1	1.0	40000.0	40000.0	0.6255606131942616	137.29715947265095	1.6133993719663477e-06	137.29715947265095	1.6133993719663477e-06	0.5307596033503418	0.06255	100.0
file	rd_mean_shift	deletion	GL000246.1	1.0	40000.0	40000.0	0.4719457568339063	29.432187955350503	1.5012268174793524e-34	29.432187955350503	1.5012268174793524e-34	0.6811985754635883	0.04615	100.0
file	rd_mean_shift	deletion	GL000249.1	1.0	40000.0	40000.0	0.5608318891426473	5.448343010067994	8.923239872769654e-28	5.448343010067994	8.923239872769654e-28	0.9536308855070984	0.03745	100.0
file	rd_mean_shift	deletion	GL000196.1	1.0	40000.0	40000.0	0.5535103712812752	2.523634002816838	2.0843525441709117e-34	2.523634002816838	2.0843525441709117e-34	0.8775	0.02715	100.0
file	rd_mean_shift	deletion	GL000248.1	1.0	40000.0	40000.0	0.5933535578520078	69.79754875085068	5.864808882353096e-12	69.79754875085068	5.864808882353096e-12	0.7603704418290566	0.00535	100.0
file	rd_mean_shift	deletion	GL000238.1	1.0	50000.0	50000.0	0.4018138476797734	85.77805642234564	8.635917901590359e-47	85.77805642234564	8.635917901590359e-47	0.7456109754679688	0.20122	100.0
file	rd_mean_shift	deletion	GL000206.1	1.0	50000.0	50000.0	0.4278453967668844	93.72386571784351	3.1199033490023937e-47	93.72386571784351	3.1199033490023937e-47	0.8512118018967334	0.17998	100.0
file	rd_mean_shift	deletion	GL000236.1	1.0	50000.0	50000.0	0.4295048691322877	81.89790625483481	1.2962078276492863e-32	81.89790625483481	1.2962078276492863e-32	0.9295819935691318	0.16132	100.0
file	rd_mean_shift	deletion	GL000242.1	1.0	50000.0	50000.0	0.4868596328995778	69.221507943823	7.834225465780827e-32	69.221507943823	7.834225465780827e-32	0.8154510466535249	0.12954	100.0
file	rd_mean_shift	deletion	GL000204.1	1.0	30000.0	30000.0	0.5074387698313142	144.9893293011194	7.50128093382934e-25	144.9893293011194	7.50128093382934e-25	0.8816964285714286	0.0	100.0
file	rd_mean_shift	deletion	GL000198.1	1.0	60000.0	60000.0	0.36690069063629493	9.252516668086058	1.3158424460398988e-20	9.252516668086058	1.3158424460398988e-20	0.6221515633280339	0.0	100.0
file	rd_mean_shift	deletion	GL000191.1	1.0	110000.0	110000.0	0.6025380054219562	0.002797048368219368	9.74621525362242e-33	0.002797048368219368	9.74621525362242e-33	0.6255208333333333	0.03242727272727273	100.0
file	rd_mean_shift	deletion	GL000227.1	1.0	130000.0	130000.0	0.6191554817149091	4.2746202139492665e-05	2.608050756951619e-28	4.2746202139492665e-05	2.608050756951619e-28	0.7847758441857785	0.012507692307692308	100.0
file	rd_mean_shift	deletion	GL000228.1	1.0	70000.0	70000.0	0.6497010949970982	0.08259690223039502	6.6685920918163925e-28	0.08259690223039502	6.6685920918163925e-28	0.6440874294923449	0.0	100.0
file	rd_mean_shift	duplication	GL000214.1	1.0	120000.0	120000.0	4.390091057827831	0.013667222314500682	0.0	0.013667222314500682	0.0	0.13470000790493003	0.0	100.0
file	rd_mean_shift	duplication	GL000221.1	1.0	160000.0	160000.0	1.9189051340765033	0.015881612499608205	2589848587.57559	0.015881612499608205	2589848587.57559	0.6985751098984387	0.02876875	100.0
file	rd_mean_shift	deletion	GL000209.1	1.0	160000.0	160000.0	0.4876302671910346	0.00035780751473576955	1.0147293425538294e-49	0.00035780751473576955	1.0147293425538294e-49	0.4371900583937322	0.00519375	100.0
file	rd_mean_shift	duplication	GL000218.1	1.0	160000.0	160000.0	1.6685481224793977	5.9287627507398355e-05	6.791677830528329e-05	5.9287627507398355e-05	6.791677830528329e-05	0.22679164360819037	0.0	100.0
file	rd_mean_shift	deletion	GL000213.1	1.0	170000.0	170000.0	0.5271562943124831	2.628028588276788e-05	2.1918720510039865e-68	2.628028588276788e-05	2.1918720510039865e-68	0.556809670170726	0.03388823529411765	100.0
file	rd_mean_shift	duplication	GL000199.1	30001.0	170000.0	140000.0	9.332270674146725	0.00729963255164469	0.0	0.00729963255164469	0.0	0.8353482750653183	0.0009	100.0
file	rd_mean_shift	duplication	GL000217.1	20001.0	170000.0	150000.0	1.3601243390849047	0.042692965526123235	23234077.42878929	0.042692965526123235	23234077.42878929	0.6331551416910962	0.0	2300.0
file	rd_mean_shift	duplication	GL000216.1	1.0	180000.0	180000.0	2.000416147740379	0.006220432508663443	2871000000.0	0.006220432508663443	2871000000.0	0.22655551296793153	0.04281111111111111	100.0
file	rd_mean_shift	deletion	GL000215.1	1.0	180000.0	180000.0	0.39176418667608476	1.5990375690222436e-09	3.1413703913276064e-164	1.5990375690222436e-09	3.1413703913276064e-164	0.8900876821278398	0.041416666666666664	100.0
file	rd_mean_shift	duplication	GL000205.1	1.0	180000.0	180000.0	3.219383792791316	0.00021916194830606806	0.0	0.00021916194830606806	0.0	0.16536766659923766	0.030066666666666665	100.0
file	rd_mean_shift	deletion	GL000223.1	1.0	190000.0	190000.0	0.5126977897996842	5.708891254466894e-08	5.927594069016874e-69	5.708891254466894e-08	5.927594069016874e-69	0.9346894570796251	0.050236842105263156	100.0
file	rd_mean_shift	duplication	GL000195.1	1.0	190000.0	190000.0	3.4097098389777636	0.00014379016444889344	2870993419.5063353	0.00014379016444889344	2870993419.5063353	0.1389629007758501	0.03738947368421053	100.0
file	rd_mean_shift	deletion	GL000212.1	40001.0	130000.0	90000.0	0.5353795091903811	0.01711863432573013	4.009471586413222e-36	0.01711863432573013	4.009471586413222e-36	0.2034500734562343	0.0	40100.0
file	rd_mean_shift	deletion	GL000222.1	1.0	30000.0	30000.0	0.6879583451850317	10.596375354159326	6.470864367092635e-10	10.596375354159326	6.470864367092635e-10	0.35498220640569395	0.0	100.0
file	rd_mean_shift	deletion	GL000222.1	70001.0	190000.0	120000.0	0.49752822972372945	4.084479302279842e-05	4.115542014625738e-39	4.084479302279842e-05	4.115542014625738e-39	0.8639012421407759	0.026158333333333332	100.0
file	rd_mean_shift	deletion	GL000200.1	1.0	190000.0	190000.0	0.32140209502278333	0.0	6.1278400546164294e-229	0.0	6.1278400546164294e-229	0.9997354297376975	0.015605263157894737	100.0
file	rd_mean_shift	duplication	GL000193.1	1.0	190000.0	190000.0	2.4123327178542033	3.1999652401544e-07	2.686074498664146e-111	3.1999652401544e-07	2.686074498664146e-111	0.18052119164001368	0.0011105263157894737	100.0
file	rd_mean_shift	duplication	GL000194.1	1.0	190000.0	190000.0	2.0639532269923784	4.107952902580212e-05	2.838066052644885e-271	4.107952902580212e-05	2.838066052644885e-271	0.29581368097260874	0.0	100.0
file	rd_mean_shift	deletion	GL000225.1	200001.0	220000.0	20000.0	0.39072059491423694	14365.4566759868	2.071292959852003e-05	14365.4566759868	2.071292959852003e-05	0.5216984077427412	0.44135	100.0
file	rd_mean_shift	deletion	GL000192.1	1.0	80000.0	80000.0	0.49067736154122354	0.0008716508619138752	5.770145231886512e-73	0.0008716508619138752	5.770145231886512e-73	0.9034902787538065	0.0	100.0
